state,year,black,metro,unem,criv,crip,ag0_14,ag15_17,ag18_24,ag25_34,incpc,polpc,pris
1,80,0.256,0.632,0.08775,4.447868,44.47638,0.2408834,0.0575244,0.1322547,0.1538264,7673.176,235.0026,141.3347
1,81,0.2557,0.6362,0.10667,4.700944,44.24879,0.2367951,0.0546058,0.1324317,0.1584588,8442.723,227.2263,163.5336
1,82,0.2554,0.6404,0.14367,4.49758,42.05045,0.2336306,0.0519745,0.1317197,0.1584713,8855.808,219.4395,183.6948
1,83,0.2551,0.6446,0.13667,4.186833,37.08439,0.2313167,0.0495679,0.1304016,0.159634,9411.027,222.5979,218.6242
1,84,0.2548,0.6488,0.11167,4.353239,35.04226,0.2279858,0.048583,0.1277834,0.1609312,10267.68,214.3978,245.0686
1,85,0.2545,0.6530001,0.08908,4.630758,35.2668,0.2252706,0.0488296,0.1240876,0.1625975,10974.39,220.5386,259.2611
1,86,0.2542,0.6572,0.09833,5.665331,37.8735,0.2224449,0.0501002,0.1197395,0.1638276,11666.7,226.8036,270.5512
1,87,0.2539,0.6614,0.07775,5.686924,39.58107,0.2204234,0.0500623,0.1160648,0.1643836,12289.27,241.1706,288.1763
1,88,0.2536,0.6656,0.07208,5.728628,41.05592,0.2196819,0.0487078,0.1135686,0.1635189,13052.04,256.2624,313.873
1,89,0.2533,0.6698,0.07025,6.036973,41.25161,0.2191067,0.046402,0.1116625,0.1620347,13967.87,268.8834,307.0825
1,90,0.253,0.674,0.06775,7.069136,41.96889,0.2182716,0.0449383,0.1098765,0.1597531,14896.79,280.4938,336.8486
1,91,0.2527,0.6782,0.072,8.439609,45.20342,0.2176039,0.0442543,0.109291,0.1574572,15600.99,288.9731,379.3827
1,92,0.2524,0.6824,0.073,8.712421,43.94321,0.2153214,0.0439826,0.1087482,0.1546641,16494.38,290.0435,400.978
1,93,0.2521,0.6866,0.075,7.804156,40.98352,0.213518,0.0437067,0.1084309,0.1523764,17105.35,296.8474,409.3282
2,80,0.034,0.434,0.09592,4.773632,57.0398,0.2686567,0.0547264,0.1492537,0.2263682,13784.79,315.9204,132.0099
2,81,0.0347,0.4317,0.09233,6.069378,58.93301,0.2679426,0.0526316,0.138756,0.2344498,15385.25,305.9809,142.0398
2,82,0.0354,0.4294,0.09983,6.071111,54.39778,0.2644444,0.0488889,0.1311111,0.2355556,17119.22,280,170.5742
2,83,0.0361,0.4271,0.10308,6.02459,53.05123,0.2684426,0.0471311,0.125,0.2356557,17930.7,268.8524,193.7778
2,84,0.0368,0.4248,0.1015,6.046692,53.43969,0.270428,0.0466926,0.1206226,0.2315175,17625.55,286.1868,219.6721
2,85,0.0375,0.4225,0.09608,5.697369,51.85714,0.2763158,0.0469925,0.1165414,0.2255639,18430.64,294.5489,251.5564
2,86,0.0382,0.4202,0.10908,5.599265,55.7114,0.2794118,0.0477941,0.1139706,0.2169118,17821.21,277.2059,287.594
2,87,0.0389,0.4179,0.108,4.435993,47.94249,0.2820037,0.0482375,0.1113173,0.2096475,17252.17,318.7384,306.25
2,88,0.0396,0.4156,0.09225,4.948339,41.63469,0.2785978,0.0442804,0.1070111,0.2084871,17932.76,355.7196,327.8293
2,89,0.0403,0.4133,0.06742,4.795247,41.25594,0.2760512,0.0420475,0.1060329,0.2065813,19636.5,353.5649,343.5424
2,90,0.041,0.411,0.07025,5.207581,45.95126,0.2725632,0.0415162,0.101083,0.2039711,20848.02,350.1805,348.8117
2,91,0.0417,0.4087,0.085,6.149385,50.96661,0.2759227,0.0404218,0.0984183,0.1968365,21581.39,273.638,334.1155
2,92,0.0424,0.4064,0.091,6.593537,49.0068,0.2738095,0.042517,0.0969388,0.1887755,22235.41,233.8435,323.3743
2,93,0.0431,0.4041,0.076,7.607679,48.07178,0.2721202,0.0434057,0.0968281,0.1803005,23014.13,275.9599,330.6122
3,80,0.028,0.751,0.067,6.502207,75.1262,0.2373068,0.0540839,0.1357616,0.1633554,9332.06,299.4849,141.7678
3,81,0.0282,0.7549,0.06125,5.723132,69.95551,0.2320285,0.0505338,0.1345196,0.1708185,10250.01,302.6335,160.4121
3,82,0.0284,0.7588,0.09917,5.115917,65.45364,0.2290657,0.0477509,0.1321799,0.1726644,10476.1,294.6367,185.0178
3,83,0.0286,0.7627,0.09117,4.931627,58.85483,0.2270125,0.0458067,0.1289997,0.1751432,11228.5,288.2115,209.2734
3,84,0.0288,0.7666,0.04933,5.137268,59.55983,0.2262798,0.0449951,0.1248777,0.177372,12285.7,284.4799,227.1135
3,85,0.029,0.7705,0.06508,6.030779,65.19818,0.2255025,0.0452261,0.120603,0.178706,13219.92,282.1294,249.299
3,86,0.0292,0.7744,0.06925,6.600665,66.81227,0.2224909,0.0456469,0.1169891,0.1804716,13993.29,288.3011,259.8304
3,87,0.0294,0.7783,0.06275,6.034914,64.78411,0.2234507,0.0448065,0.113762,0.1800989,14526.11,288.7984,273.2164
3,88,0.0296,0.7822,0.06258,5.982178,67.27242,0.2240453,0.0432815,0.1117397,0.1790665,15063.99,291.7963,307.1865
3,89,0.0298,0.7861,0.05225,5.88625,73.24241,0.2274986,0.0411375,0.109884,0.1758697,15639.46,294.1607,341.2447
3,90,0.03,0.79,0.05325,6.495789,72.05352,0.2292855,0.0404781,0.1070361,0.1722358,16254.54,298.6688,354.5831
3,91,0.0302,0.7939,0.057,6.714362,67.42098,0.2314469,0.0397758,0.1033102,0.1692472,16758.82,338.441,375.7946
3,92,0.0304,0.7978,0.074,6.708246,63.57751,0.2330376,0.0401879,0.1004697,0.1651879,17484.72,335.1775,397.544
3,93,0.0306,0.8017,0.062,7.149899,67.16743,0.2317073,0.0401423,0.0988313,0.1618394,18119.16,341.9969,416.1013
4,80,0.163,0.387,0.07608,3.349081,34.72878,0.2370954,0.0568679,0.1216098,0.1465442,7384.177,200.3937,131.2197
4,81,0.1626,0.3884,0.091,3.104666,34.87658,0.2333188,0.0532054,0.122983,0.1504579,8304.127,192.8478,127.3403
4,82,0.1622,0.3898,0.09775,3.242371,35.42241,0.2306016,0.0501308,0.1233653,0.1495205,8646.841,194.9433,145.1374
4,83,0.1618,0.3912,0.10125,3.005204,32.33435,0.2281006,0.0477016,0.123157,0.150477,9099.015,192.8014,170.9677
4,84,0.1614,0.3926,0.08942,3.253879,30.84224,0.2262931,0.0469828,0.1206897,0.1512931,10052.48,195.431,183.2611
4,85,0.161,0.394,0.08633,3.523421,32.81994,0.2247529,0.0472712,0.1173184,0.1521272,10674.93,197.2926,193.1897
4,86,0.1606,0.3954,0.08758,4.015866,35.90437,0.2212693,0.0484563,0.1136364,0.1535163,11209.11,201.9297,203.0941
4,87,0.1602,0.3968,0.081,4.20111,39.08497,0.2203245,0.0482494,0.1097353,0.1545687,11613.97,204.6115,221.2264
4,88,0.1598,0.3982,0.07667,4.369185,39.24968,0.2206573,0.0473752,0.1058472,0.1545028,12289.02,208.0666,234.4577
4,89,0.1594,0.3996,0.07242,4.858056,41.86403,0.2208014,0.0456095,0.1031543,0.1538789,13086.79,211.5942,250.064
4,90,0.159,0.401,0.06883,5.312527,43.26836,0.2199575,0.044586,0.1010616,0.152017,13779.28,214.5648,279.0281
4,91,0.1586,0.4024,0.073,5.935049,45.83593,0.2193168,0.0442851,0.1012231,0.1488823,14456.48,233.9941,308.8747
4,92,0.1582,0.4038,0.072,5.77736,41.93901,0.2176274,0.0446951,0.1015038,0.1453634,15585.84,237.8028,325.6854
4,93,0.1578,0.4052,0.062,5.932756,42.1745,0.2169967,0.044967,0.1018977,0.1419142,15996.54,214.8515,342.3141
5,80,0.077,0.953,0.06808,8.884993,68.99789,0.2177624,0.0521379,0.1374007,0.1792716,11744.41,268.9834,91.41334
5,81,0.0767,0.9534,0.074,8.584576,66.92342,0.2160092,0.0487524,0.1359219,0.1871448,12837.08,269.361,98.29305
5,82,0.0764,0.9538,0.0995,8.115592,64.45717,0.2161966,0.046253,0.1336019,0.1890814,13410.31,265.9549,114.9345
5,83,0.0761,0.9542,0.09667,7.669203,58.61542,0.2167192,0.0445978,0.1307177,0.1917192,14109.53,267.2358,135.3062
5,84,0.0758,0.9546,0.07775,7.568062,56.55978,0.2160269,0.0441495,0.1276505,0.1938167,15374.94,266.6422,149.9408
5,85,0.0755,0.955,0.07192,7.630687,57.36205,0.2154608,0.0443629,0.1246549,0.1953406,16314.83,260.947,161.167
5,86,0.0752,0.9554,0.06675,9.164268,58.16172,0.2151133,0.0448306,0.121467,0.1961848,17082.51,267.5338,182.7692
5,87,0.0749,0.9558,0.05767,9.142204,55.65496,0.2163661,0.0437052,0.1193073,0.1960975,17830.94,265.5974,212.9917
5,88,0.0746,0.9562,0.053,9.201518,56.4636,0.2182055,0.0417018,0.1179385,0.1952642,18705.87,263.6418,233.3297
5,89,0.0743,0.9566,0.05083,9.72469,57.55069,0.2206859,0.0394277,0.1172907,0.1933397,19619.92,266.4043,259.2046
5,90,0.074,0.957,0.05617,10.40687,55.34431,0.2248988,0.0388103,0.1146576,0.1903041,20665.76,269.7748,288.6508
5,91,0.0737,0.9574,0.075,10.88966,56.7761,0.2308679,0.0379189,0.1087907,0.1881804,20879.94,292.5116,314.9052
5,92,0.0734,0.9578,0.091,11.18705,55.5474,0.2345363,0.0380644,0.103609,0.1851432,21599.55,285.4086,323.9879
5,93,0.0731,0.9582,0.092,10.77764,53.79142,0.2374163,0.0379033,0.099388,0.1816347,21883.38,274.7429,341.3724
6,80,0.035,0.805,0.0585,5.264706,67.77578,0.2266436,0.0529412,0.1446367,0.1972318,10688.29,274.1176,93.2959
6,81,0.0355,0.806,0.05533,5.290463,67.87072,0.2256548,0.049362,0.1396911,0.2038281,11953.02,268.6703,90.27682
6,82,0.036,0.807,0.07742,5.014369,65.3919,0.2250163,0.0467015,0.1345526,0.204115,12757.4,275.1143,93.01544
6,83,0.0365,0.808,0.06675,4.771857,61.60498,0.2255903,0.0449904,0.1289087,0.2042119,13371.83,262.9866,107.3155
6,84,0.037,0.809,0.0565,4.589274,60.28518,0.2242902,0.044795,0.1230284,0.2037855,14288.07,272.1451,110.2425
6,85,0.0375,0.81,0.05875,4.742599,64.92241,0.2234341,0.045497,0.1177937,0.2028669,14778.17,270.3646,106.9401
6,86,0.038,0.811,0.07417,5.284214,65.68613,0.2224282,0.0460303,0.1124498,0.2008032,15065.09,275.3167,113.1505
6,87,0.0385,0.812,0.07667,4.726687,60.49847,0.2236196,0.045092,0.1082822,0.1972393,15503.43,276.8865,128.1124
6,88,0.039,0.813,0.06442,4.766401,57.54721,0.2244022,0.0426119,0.1057633,0.1931331,16543.71,280.2268,153.865
6,89,0.0395,0.814,0.05792,4.772894,56.37729,0.224359,0.0399878,0.1040904,0.1886447,17766.16,278.5867,186.5727
6,90,0.04,0.815,0.04958,5.236628,55.03355,0.2233303,0.0389846,0.1021457,0.1843457,18785.9,275.3702,223.3822
6,91,0.0405,0.816,0.05,5.604451,55.26261,0.2240356,0.0385757,0.0997033,0.179822,19743.74,314.6291,231.8223
6,92,0.041,0.817,0.059,5.796825,53.87706,0.2233766,0.0392496,0.0984127,0.1743146,20574.92,314.43,249.0208
6,93,0.0415,0.818,0.052,5.672742,49.59507,0.2234997,0.0398205,0.0970275,0.169097,21475.22,316.2647,259.6537
7,80,0.07,0.927,0.05867,4.108108,54.46686,0.2081725,0.0566281,0.1238739,0.1579794,12186.14,264.0283,69.08914
7,81,0.0713,0.9267,0.0615,4.484819,53.94375,0.2013423,0.05465,0.1252797,0.1629914,13508.01,262.0965,88.48134
7,82,0.0726,0.9264,0.06925,4.013062,50.50398,0.1965594,0.0519274,0.1255177,0.1627907,14492.88,264.6066,106.999
7,83,0.0739,0.9261,0.06025,3.721379,45.679,0.1938646,0.0493359,0.1252372,0.1647691,15412.57,264.1682,99.68143
7,84,0.0752,0.9258,0.04608,3.906289,42.00409,0.190566,0.0477987,0.1238994,0.1669811,17098.25,264.1824,113.1246
7,85,0.0765,0.9255,0.0485,3.98563,42.66542,0.1880662,0.0471728,0.1221493,0.1693221,18270.51,270.353,117.8616
7,86,0.0778,0.9252,0.03792,4.211538,43.5518,0.1867246,0.0468362,0.1194169,0.171526,19675.94,275.4342,126.3043
7,87,0.0791,0.9249,0.03317,4.143825,45.25962,0.1869418,0.0443486,0.1164152,0.1736988,21239.51,279.6736,134.1811
7,88,0.0804,0.9246,0.02992,4.510697,45.98258,0.1885697,0.0409535,0.1133863,0.1757335,23163.31,283.6797,142.8087
7,89,0.0817,0.9243,0.03642,5.04904,46.94456,0.1912885,0.0374657,0.1096558,0.1772769,24551.08,279.4395,144.346
7,90,0.083,0.924,0.05083,5.535584,48.31721,0.1940389,0.0358881,0.1046229,0.1767032,25435.79,275.7299,192.1718
7,91,0.0843,0.9237,0.067,5.39848,48.25836,0.1969605,0.0349544,0.0990881,0.1735562,25847.44,262.0365,236.3443
7,92,0.0856,0.9234,0.075,4.956389,45.60384,0.199451,0.0350717,0.0936261,0.168954,27155.42,268.6795,260.9422
7,93,0.0869,0.9231,0.062,4.561794,41.94172,0.2014037,0.0350931,0.0891059,0.1638694,27959.99,270.4303,268.1915
8,80,0.161,0.67,0.0775,4.754209,63.10101,0.2222222,0.0572391,0.1397306,0.1599327,10373.76,268.0135,182.8571
8,81,0.1618,0.6693,0.08,5.107383,62.01007,0.2164429,0.0553691,0.1426174,0.1644295,11303.4,264.2617,182.9966
8,82,0.1626,0.6686,0.084,5.626043,58.54257,0.2153589,0.0517529,0.1419032,0.1652755,12035.15,252.5876,209.396
8,83,0.1634,0.6679,0.08083,4.538843,50.21157,0.214876,0.0479339,0.138843,0.1669422,12803.12,249.0909,252.5876
8,84,0.1642,0.6672,0.06167,4.364379,45.78595,0.2124183,0.0457516,0.1356209,0.1699346,13731.08,253.4314,260.9917
8,85,0.165,0.6665,0.05367,4.360841,45.57281,0.2119741,0.0453074,0.1326861,0.1731392,14712.62,259.3851,252.6144
8,86,0.1658,0.6658,0.04333,4.30414,44.3965,0.2085987,0.0461783,0.1273885,0.1767516,15531.66,262.8981,284.6278
8,87,0.1666,0.6651,0.03333,4.354788,45.57614,0.2072214,0.043956,0.122449,0.1789639,16365.98,274.0973,311.465
8,88,0.1674,0.6644,0.03158,4.600308,44.27932,0.2083333,0.0416667,0.1203704,0.1790123,17547.23,284.1049,338.9325
8,89,0.1682,0.6637,0.03583,5.691489,44.06991,0.2082067,0.0379939,0.1170213,0.1793313,18875,292.1732,340.5864
8,90,0.169,0.663,0.05233,6.524663,46.85202,0.2092676,0.0373692,0.1136024,0.1778774,19720.51,299.5515,347.1125
8,91,0.1698,0.6623001,0.062,7.132159,51.47577,0.2099853,0.0367107,0.1101322,0.1762114,20310.53,282.8194,334.9776
8,92,0.1706,0.6616001,0.053,6.193922,42.15051,0.211288,0.0361794,0.105644,0.1736614,21098.41,285.6729,363.1425
8,93,0.1714,0.6608999,0.053,6.858572,41.86286,0.2128572,0.0371429,0.1014286,0.17,21743.47,374.5714,391.4617
9,80,0.703,1,0.074,20.75549,81.16457,0.177116,0.0470219,0.1520376,0.19279,12500.66,678.8401,399.8462
9,81,0.6985,1,0.08867,23.61852,85.54945,0.1726845,0.0455259,0.1507064,0.2009419,13627.72,656.3579,426.1755
9,82,0.694,1,0.10417,21.9164,83.58202,0.170347,0.0425868,0.1498423,0.2066246,14672.9,692.2713,460.2826
9,83,0.6895,1,0.11592,19.5712,73.61392,0.1661392,0.039557,0.1471519,0.210443,15442.86,697.6266,528.5489
9,84,0.685,1,0.09075,17.71406,68.88152,0.164297,0.0394945,0.1437599,0.2132701,16680.06,696.0505,548.2595
9,85,0.6805,1,0.08367,16.02992,62.90394,0.1637795,0.0393701,0.1385827,0.215748,17534.3,703.937,587.3618
9,86,0.676,1,0.07733,14.76959,67.05486,0.1630094,0.0407523,0.1332288,0.2178683,18060.77,701.7241,725.0394
9,87,0.6715,1,0.06342,15.72371,66.8022,0.1632653,0.0392465,0.1302983,0.2166405,19272.28,712.4803,750.3135
9,88,0.667,1,0.04842,18.91111,78.6619,0.1634921,0.0380952,0.131746,0.2111111,21301.71,730.1587,881.3187
9,89,0.6625,1,0.05075,20.73237,78.90224,0.1650641,0.0336538,0.1330128,0.2051282,22800.19,808.0129,1052.063
9,90,0.6580001,1,0.06733,24.70033,83.5596,0.1655629,0.031457,0.1357616,0.2003311,24632.48,907.9471,1065.705
9,91,0.6535,1,0.077,24.69865,83.70707,0.1700337,0.0286195,0.1279461,0.2003367,26104.52,866.6667,1125.497
9,92,0.649,1,0.084,28.52137,86.32821,0.1709402,0.0273504,0.1196581,0.2017094,28323.25,890.0855,1196.296
9,93,0.6445,1,0.085,29.21799,88.39273,0.1730104,0.0259516,0.1107266,0.200692,29859.47,903.4602,1286.838
10,80,0.138,0.9030001,0.05867,9.65473,72.82269,0.1925918,0.0495588,0.1169711,0.1447773,9930.263,286.6099,205.888
10,81,0.1378,0.9035,0.06808,9.625134,70.48661,0.1894437,0.0466006,0.1171392,0.151967,10945.32,295.4773,207.3774
10,82,0.1376,0.904,0.08167,8.920924,65.33913,0.1870881,0.0439309,0.1160348,0.1538535,11502.04,299.5894,227.6072
10,83,0.1374,0.9044999,0.08617,8.213209,59.15665,0.1851163,0.0414884,0.1147907,0.1568372,12363.52,290.586,259.1825
10,84,0.1372,0.905,0.06317,8.629529,59.18741,0.1833333,0.040308,0.1123188,0.1593297,13255.31,294.3025,236.2139
10,85,0.137,0.9055001,0.05983,9.423927,66.41864,0.1823628,0.0400846,0.1091534,0.1617479,14182.3,294.6965,242.3822
10,86,0.1368,0.906,0.05717,10.37136,71.96186,0.1818649,0.0407096,0.1054165,0.1635242,15022.85,305.6394,250.9206
10,87,0.1366,0.9065,0.05333,10.26657,74.94932,0.1818788,0.0401767,0.1021922,0.1647912,15800.42,314.7245,276.2084
10,88,0.1364,0.9069999,0.04992,11.24191,78.65017,0.1842191,0.0386803,0.0989761,0.1648789,16668.82,323.8502,269.7341
10,89,0.1362,0.9075,0.05608,11.1232,77.1516,0.1861054,0.0362399,0.0967716,0.164583,18042.76,327.4964,281.8219
10,90,0.136,0.9080001,0.05933,12.37908,75.27443,0.1886967,0.0349865,0.093887,0.1627835,18808.49,330.0654,316.2368
10,91,0.1358,0.9085,0.073,11.84683,73.65102,0.1921947,0.0343555,0.0901831,0.1592707,19202.92,391.5392,341.2534
10,92,0.1356,0.909,0.082,12.07647,71.53697,0.195728,0.034562,0.0869984,0.1541942,19685.37,392.6352,350.5688
10,93,0.1354,0.9094999,0.07,12.06046,71.44989,0.1970904,0.0345786,0.0848015,0.1489144,20710.34,411.7845,358.1176
11,80,0.268,0.623,0.064,5.490207,49.90884,0.243639,0.0576606,0.1339923,0.1702361,8389.497,250.2654,215.997
11,81,0.2682,0.6257,0.064,5.482579,50.81286,0.2395833,0.0549569,0.1334411,0.1756466,9287.362,253.4124,218.2318
11,82,0.2684,0.6284,0.07817,4.772213,47.2738,0.2364602,0.0522124,0.1325664,0.1759292,9883.217,249.9292,222.2881
11,83,0.2686,0.6311,0.07492,4.570356,40.51362,0.233764,0.0497556,0.1316341,0.1770251,10706.43,248.5859,248.4602
11,84,0.2688,0.6338,0.06025,4.787489,40.20926,0.2301628,0.0486718,0.1299057,0.1784062,11975.58,239.1431,260.7367
11,85,0.269,0.6365,0.06542,5.083179,46.12946,0.2279054,0.0486332,0.1272849,0.1797753,12864.85,239.8122,250.1457
11,86,0.2692,0.6392,0.05925,5.894659,48.82991,0.2248151,0.0496302,0.1239113,0.1812654,13799.01,246.7707,257.6388
11,87,0.2694,0.6419,0.05475,5.777706,52.27303,0.2229381,0.0489691,0.1206508,0.1823453,14547.68,266.8653,260.4766
11,88,0.2696,0.6446,0.058,6.743033,57.37429,0.2234009,0.0474984,0.1182711,0.1825522,15487.56,286.8588,285.5026
11,89,0.2698,0.6473,0.05533,7.386835,63.62003,0.2246139,0.0449228,0.1163625,0.1817189,16250.79,281.2198,285.2755
11,90,0.27,0.65,0.0545,7.52858,59.79794,0.2244929,0.0431776,0.1140135,0.1807007,17118.39,275.6607,306.0209
11,91,0.2702,0.6526999,0.05,7.376886,57.5083,0.224653,0.0419433,0.1110441,0.178787,17635.96,342.4412,332.9902
11,92,0.2704,0.6554,0.069,7.30784,56.53831,0.2244205,0.0417836,0.1086668,0.17555,18472.79,371.9622,347.1485
11,93,0.2706,0.6580999,0.058,7.231314,54.69828,0.2243747,0.0417811,0.1066936,0.1718953,19203.7,368.2811,366.8684
12,80,0.018,0.79,0.04792,2.993782,71.80415,0.2341969,0.0518135,0.1471503,0.1865285,10809.41,260.1036,56.55824
12,81,0.0187,0.7865,0.05317,2.478528,63.0225,0.2321063,0.0490798,0.1421268,0.1912065,11495.65,265.2352,64.66322
12,82,0.0194,0.7830001,0.06742,2.557344,63.28571,0.2303823,0.0462777,0.1368209,0.1921529,12004.81,264.4869,77.40286
12,83,0.0201,0.7794999,0.0635,2.545903,56.12339,0.2300099,0.0444225,0.1322804,0.1924975,12948.29,267.6209,90.84507
12,84,0.0208,0.776,0.05708,2.343385,53.08657,0.229572,0.0437743,0.1274319,0.192607,13588.55,266.3424,105.1333
12,85,0.0215,0.7725,0.05625,2.224038,50.48173,0.2278846,0.0442308,0.1221154,0.1913462,14336.78,268.2692,129.3774
12,86,0.0222,0.769,0.04883,2.475285,54.77757,0.223384,0.0446768,0.1197719,0.1901141,15261.18,265.019,137.3077
12,87,0.0229,0.7655,0.03883,2.669476,56.32678,0.2200375,0.0430712,0.1179775,0.1872659,16088.25,276.6854,144.5817
12,88,0.0236,0.762,0.03083,2.601852,58.00926,0.2185185,0.0416667,0.1148148,0.1851852,17521.79,289.0741,143.4457
12,89,0.0243,0.7585,0.02475,2.743379,60.93425,0.2173516,0.0392694,0.1123288,0.1835617,19138.66,290.6849,139.8148
12,90,0.025,0.755,0.02783,2.794435,57.95601,0.2163375,0.037702,0.1095153,0.1804309,20885.39,291.2029,160
12,91,0.0257,0.7515,0.028,2.417621,57.28634,0.2167401,0.0370044,0.1057269,0.1779736,21620.05,289.0749,153.3214
12,92,0.0264,0.748,0.045,2.593426,58.73789,0.216263,0.0371972,0.1029412,0.1730104,22414.87,293.2526,155.5947
12,93,0.0271,0.7445,0.042,2.611775,60.15785,0.2175768,0.0375427,0.1006826,0.1680887,23369.5,288.7372,192.2145
13,80,0.003,0.183,0.07925,3.132415,44.67055,0.2711864,0.0540254,0.1302966,0.1641949,8474.252,240.4661,88.96034
13,81,0.003,0.1851,0.07492,2.824324,42.342,0.2723493,0.0509356,0.1268191,0.1673597,9103.046,239.3971,86.54662
13,82,0.003,0.1872,0.09942,2.567762,37.88706,0.2731006,0.0492813,0.1232033,0.1652977,9288.253,241.3758,99.48025
13,83,0.003,0.1893,0.09842,2.404277,36.52953,0.2718941,0.0478615,0.1191446,0.1649694,10070.96,226.6803,107.1869
13,84,0.003,0.1914,0.0715,2.376388,34.71039,0.271443,0.0474268,0.1150353,0.1634712,10640.81,232.997,120.8758
13,85,0.003,0.1935,0.07958,2.374245,37.13883,0.2686117,0.0482897,0.11167,0.1629779,11107.58,234.004,126.4379
13,86,0.003,0.1956,0.08683,2.254545,40.36768,0.2656566,0.0494949,0.1060606,0.1626263,11553.66,229.1919,136.1167
13,87,0.003,0.1977,0.08042,2.170558,39.94112,0.2629442,0.0497462,0.1025381,0.1614213,12029.43,232.1827,146.2626
13,88,0.003,0.1998,0.05875,2.378296,37.87525,0.2616633,0.0486815,0.0993915,0.158215,12847.87,233.7728,150.0508
13,89,0.003,0.2019,0.051,2.597585,37.50302,0.2605634,0.0472837,0.0985915,0.1549296,14327.19,252.6157,180.6288
13,90,0.003,0.204,0.0585,2.740375,37.58046,0.2596249,0.0483712,0.0977295,0.1510365,15283.64,268.2132,199.1952
13,91,0.003,0.2061,0.061,2.905588,39.09249,0.2581888,0.0491329,0.0992293,0.1454721,15850.01,254.6243,205.7256
13,92,0.003,0.2082,0.065,2.817073,37.18199,0.2532833,0.0515947,0.1013133,0.141651,16674.55,257.5985,216.3776
13,93,0.003,0.2103,0.061,2.818016,35.6333,0.2502275,0.0518653,0.1046406,0.1373976,17541.93,244.131,229.6435
14,80,0.147,0.817,0.08267,4.911875,47.50862,0.2284939,0.0553076,0.1319681,0.1623348,10888.52,331.1718,99.68413
14,81,0.1471,0.818,0.08508,4.4456,45.10862,0.2266888,0.0524338,0.130735,0.1683125,12045.94,326.7937,93.84791
14,82,0.1472,0.819,0.11317,4.54828,43.72844,0.2255099,0.0499869,0.1287753,0.1690449,12534.35,326.7093,122.3718
14,83,0.1473,0.82,0.11425,7.33009,48.45797,0.2244719,0.0479446,0.1262161,0.1710053,13064.73,321.6496,122.1133
14,84,0.1474,0.821,0.09133,7.311689,46.19033,0.2235366,0.0471434,0.1232037,0.1727129,14303.78,322.6428,136.0505
14,85,0.1475,0.822,0.09042,7.144737,46.50921,0.2217544,0.0471053,0.1199123,0.1742982,15077.3,314.114,149.965
14,86,0.1476,0.823,0.08108,8.207078,48.15237,0.2200755,0.0479494,0.1158338,0.1751998,15896.33,334.4077,163.4561
14,87,0.1477,0.824,0.07358,8.095514,46.97797,0.2187692,0.0471425,0.1124572,0.1759284,16682.98,329.2248,170.8615
14,88,0.1478,0.825,0.068,8.21396,48.7547,0.2178226,0.0450395,0.1100966,0.176295,17727.74,324.1879,174.2604
14,89,0.1479,0.826,0.05975,8.642507,48.97485,0.2182296,0.042156,0.108326,0.1754601,19070.43,325.6179,185.0834
14,90,0.148,0.827,0.06142,9.658049,49.59743,0.2185344,0.0407022,0.1060355,0.1736396,20158.07,326.5001,216.5819
14,91,0.1481,0.828,0.071,10.40824,51.00807,0.2197831,0.0399132,0.1030803,0.1712798,20621.08,339.115,240.3354
14,92,0.1482,0.829,0.075,9.787652,47.95488,0.2207009,0.0402997,0.1002325,0.1676569,21780.63,330.8275,252.6247
14,93,0.1483,0.83,0.074,9.597333,46.58194,0.2217663,0.0405232,0.0980593,0.1633752,22534.89,333.9147,272.4533
15,80,0.076,0.677,0.09592,3.758288,45.28579,0.2380692,0.0568306,0.1342441,0.1591985,9219.426,211.0018,95.80077
15,81,0.0762,0.6778,0.10067,3.407299,41.87445,0.234854,0.0536496,0.1335766,0.1638686,10093.18,213.5401,114.408
15,82,0.0764,0.6786,0.11942,3.007315,41.312,0.2324433,0.0510241,0.1322238,0.1634967,10394.2,217.1361,137.938
15,83,0.0766,0.6794,0.11067,2.852661,38.66514,0.2302752,0.0486239,0.1299083,0.1651376,10915.36,213.1743,151.7008
15,84,0.0768,0.6802,0.08633,3.074569,36.50751,0.2273727,0.0478197,0.1262367,0.1667277,12023.19,209.509,164.6422
15,85,0.077,0.681,0.07875,3.116688,36.31068,0.2247664,0.047811,0.1225499,0.1683459,12637.56,208.5181,166.0498
15,86,0.0772,0.6818,0.0675,3.105427,35.7963,0.2211221,0.0489549,0.1180785,0.1697837,13370.09,213.9347,178.9155
15,87,0.0774,0.6826,0.06367,3.319752,38.31445,0.2188928,0.0486022,0.1145624,0.1699251,14064.83,216.8829,182.6733
15,88,0.0776,0.6834,0.05317,3.857793,38.26966,0.2181355,0.0469774,0.1123452,0.1691551,14912.79,219.8106,194.2993
15,89,0.0778,0.6842,0.04733,4.115677,40.83852,0.2195873,0.0443519,0.1106082,0.1670891,15971.63,220.0398,205.2258
15,90,0.078,0.685,0.05308,4.728271,41.99676,0.2197229,0.0431888,0.1092316,0.1642973,16810.39,220.2267,230.7205
15,91,0.0782,0.6858,0.059,5.056002,43.14785,0.2186552,0.0426253,0.1084359,0.1614054,17273.22,227.0555,240.6334
15,92,0.0784,0.6866,0.065,5.088547,41.81407,0.2163309,0.0427713,0.1076352,0.1580064,18384.93,236.7444,254.8065
15,93,0.0786,0.6874,0.053,4.890775,39.76002,0.2142482,0.0428847,0.106774,0.1549099,19160.75,234.6228,243.7434
16,80,0.014,0.42,0.05717,1.999314,45.36719,0.2282087,0.0555937,0.1331503,0.1540837,9352.456,193.1709,77.53772
16,81,0.0143,0.422,0.06942,2.034044,44.95289,0.2262724,0.0519257,0.1323934,0.1588721,10616.35,192.2971,85.07207
16,82,0.0146,0.424,0.0855,1.737535,39.87119,0.2254155,0.049169,0.1305402,0.158241,10791.93,204.0859,91.81568
16,83,0.0149,0.426,0.08117,1.832811,37.82201,0.2239638,0.0470219,0.12783,0.1595263,11008.69,199.5124,97.95706
16,84,0.0152,0.428,0.07025,2.022036,36.65093,0.2224554,0.04617,0.1238195,0.1605456,12048.76,198.531,98.01463
16,85,0.0155,0.43,0.0795,2.157597,38.02367,0.2204947,0.0462898,0.1187279,0.1618375,12575.07,198.5512,99.19552
16,86,0.0158,0.432,0.07033,2.400788,39.98317,0.217765,0.0469198,0.1135387,0.1622493,13210.63,203.7966,94.947
16,87,0.0161,0.434,0.05525,2.368269,40.0365,0.2157571,0.0455367,0.1091435,0.1615468,13937.44,204.5717,99.46275
16,88,0.0164,0.436,0.04483,2.629697,39.1091,0.2156792,0.0433526,0.1065751,0.1600434,14335.59,203.4321,103.0358
16,89,0.0167,0.438,0.043,2.72934,39.10105,0.2179719,0.0411404,0.1042945,0.156983,15645.07,209.4731,109.6098
16,90,0.017,0.44,0.042,2.994242,37.98129,0.2187837,0.0406621,0.102195,0.1532926,16687.52,215.1134,129.3396
16,91,0.0173,0.442,0.046,3.038351,38.37598,0.218638,0.0412186,0.1010753,0.1498208,17101.81,213.2975,142.7492
16,92,0.0176,0.444,0.046,2.788441,36.9101,0.219051,0.0428113,0.099893,0.1459151,18178.04,215.2337,148.5663
16,93,0.0179,0.446,0.04,3.254797,35.20967,0.2171286,0.04371,0.0991471,0.1428571,18324.03,216.5245,161.1844
17,80,0.053,0.488,0.04483,3.878173,49.70051,0.2220812,0.0524535,0.1383249,0.1586294,9855.013,239.5939,97.40536
17,81,0.0535,0.493,0.04192,3.68805,50.26415,0.2222222,0.0486373,0.1366876,0.1651992,11032.99,241.1321,105.4991
17,82,0.054,0.498,0.06258,3.368596,46.29571,0.2232403,0.0453977,0.1336943,0.1665972,11761.11,247.7718,116.1426
17,83,0.0545,0.503,0.06058,3.277732,42.18874,0.2239238,0.0430464,0.1299669,0.1688742,12190.77,243.5431,128.1966
17,84,0.055,0.508,0.05267,3.360974,40.283,0.2231848,0.0424917,0.1245875,0.1712046,13116.15,242.8218,153.3527
17,85,0.0555,0.513,0.05008,3.591265,40.57437,0.223733,0.0428513,0.1190771,0.1734652,13850.48,244.7054,175.0825
17,86,0.056,0.518,0.05433,3.730374,45.05014,0.2219482,0.0439786,0.1134402,0.1750925,14471.87,249.815,194.9732
17,87,0.0565,0.523,0.04967,3.65317,46.00736,0.2237219,0.0429448,0.1092025,0.1746421,15021.07,257.3415,219.6876
17,88,0.057,0.528,0.0475,3.689277,45.6052,0.2246141,0.0414297,0.1064176,0.1734362,15750.58,264.2567,236.4417
17,89,0.0575,0.533,0.04058,4.073191,46.56126,0.2276587,0.039628,0.1047311,0.1698342,16398.41,270.5621,236.2713
17,90,0.058,0.538,0.04383,4.472984,47.40766,0.228629,0.0395161,0.1028226,0.1657258,17646.23,277.2581,227.0926
17,91,0.0585,0.543,0.044,5.004014,50.42794,0.2292252,0.0401445,0.1007627,0.161381,18255.97,294.1389,232.8629
17,92,0.059,0.548,0.042,5.124453,48.24414,0.2282306,0.0413519,0.0994036,0.15666,19220.95,311.5706,236.9731
17,93,0.0595,0.553,0.05,4.964046,44.78862,0.2279731,0.0422758,0.0987752,0.1521138,19871.76,319.7155,239.6819
18,80,0.071,0.458,0.08,2.652554,31.50178,0.2387326,0.0570882,0.1343895,0.1600656,8059.848,198.6343,101.3454
18,81,0.071,0.4587,0.08383,2.888011,32.3406,0.2359673,0.053951,0.1337875,0.1645777,8928.812,186.3488,98.00601
18,82,0.071,0.4594,0.10617,3.13603,32.39316,0.2337768,0.0510453,0.1325007,0.1642683,9372.256,188.7049,108.8011
18,83,0.071,0.4601,0.11667,3.239578,31.29453,0.2311857,0.0487277,0.1307526,0.1654034,9562.776,192.7721,109.4488
18,84,0.071,0.4608,0.09333,2.798918,27.01028,0.22977,0.0479026,0.1271989,0.1661705,10558.54,193.2612,129.2095
18,85,0.071,0.4615,0.09475,3.08092,26.63816,0.226793,0.0481732,0.1236807,0.1675237,10979.21,199.4858,149.6346
18,86,0.071,0.4622,0.09292,3.380423,27.8769,0.222885,0.0493492,0.1190347,0.1683839,11481.13,200.8677,156.2111
18,87,0.071,0.4629,0.08775,3.418137,29.67255,0.2193864,0.0491447,0.1153951,0.1688841,12017.44,198.7782,167.4078
18,88,0.071,0.4636,0.07892,3.338043,28.35924,0.2168478,0.0478261,0.1125,0.16875,12752.84,196.5761,174.776
18,89,0.071,0.4643,0.06217,3.617623,30.0049,0.2159369,0.0451455,0.1104161,0.1675279,13757.35,196.0022,193.4511
18,90,0.071,0.465,0.05833,3.897589,29.04579,0.2153888,0.0441615,0.1086426,0.1649959,14753.15,194.5272,225.4283
18,91,0.071,0.4657,0.074,4.377389,29.18708,0.2142665,0.043607,0.1076716,0.1620458,15441.46,203.9569,244.4595
18,92,0.071,0.4664,0.069,5.356153,27.88812,0.2128396,0.0442195,0.1070858,0.1584976,16435.15,234.4699,263.7685
18,93,0.071,0.4671,0.062,4.626551,27.97018,0.2116653,0.0446028,0.1066244,0.1549221,16953.61,235.8934,276.0789
19,80,0.294,0.688,0.06758,6.639563,47.81408,0.256776,0.0596767,0.1414646,0.1619116,8714.842,247.5273,184.0986
19,81,0.2954,0.6887,0.08408,6.415596,46.53164,0.254261,0.0572029,0.1407892,0.1676395,9862.815,248.6575,211.341
19,82,0.2968,0.6894,0.1035,6.704572,46.51711,0.2524696,0.0546749,0.1394441,0.1683896,10346.2,272.5247,219.8226
19,83,0.2982,0.6901,0.11767,6.4719,44.28578,0.2518771,0.0523322,0.1367463,0.1701934,10611.88,261.0694,251.0912
19,84,0.2996,0.6908,0.10042,6.875227,44.94955,0.2513636,0.0511364,0.1329546,0.1713636,11224.08,289.8409,291.5131
19,85,0.301,0.6915,0.11508,7.057169,49.49977,0.2511343,0.0508167,0.1284029,0.1724138,11635.15,287.5,310.4318
19,86,0.3024,0.6922,0.131,7.744043,54.33265,0.249376,0.0512821,0.1232131,0.1724529,11604.37,292.3304,315.1089
19,87,0.3038,0.6929,0.12008,7.116943,53.19751,0.2490792,0.0504144,0.1187845,0.1717311,11743.88,301.9337,324.4838
19,88,0.3052,0.6936,0.10917,7.393565,51.97319,0.2494754,0.0487293,0.1154115,0.1702029,12569.58,311.238,353.9365
19,89,0.3066,0.6943,0.07942,8.054785,56.25088,0.2485304,0.0465554,0.1126264,0.1683517,13253.99,308.7115,378.6897
19,90,0.308,0.695,0.0625,8.973728,55.81586,0.2463905,0.0454438,0.1102959,0.1661538,14255.16,305.5621,405.7606
19,91,0.3094,0.6957,0.071,9.528275,54.83789,0.244345,0.0452403,0.1090952,0.1639962,15066.87,291.4703,440.213
19,92,0.3108,0.6964,0.081,9.864221,55.72283,0.2430474,0.0460388,0.1077355,0.1607852,15852.08,235.8495,471.3242
19,93,0.3122,0.6971,0.074,10.617,57.84889,0.2426077,0.0467986,0.1064028,0.1571595,16589.44,370.2212,488.3384
20,80,0.003,0.36,0.07692,1.931556,41.69244,0.2284444,0.0568889,0.1253333,0.1591111,8236.611,193.4222,57.07925
20,81,0.0031,0.3599,0.07283,1.954104,40.44131,0.2241836,0.054722,0.1262136,0.1632833,9053.549,188.3495,59.64444
20,82,0.0032,0.3598,0.08525,1.62445,36.83729,0.2216359,0.0518909,0.1257696,0.1618294,9650.975,212.4011,71.13857
20,83,0.0033,0.3597,0.08958,1.59738,35.24629,0.219214,0.0497817,0.1240175,0.1624454,10372.29,196.2445,78.45207
20,84,0.0034,0.3596,0.06192,1.584775,33.68858,0.216263,0.0484429,0.1211073,0.1626298,11383.25,209.6886,75.1965
20,85,0.0035,0.3595,0.05425,1.676698,35.07223,0.2149613,0.0481513,0.1186586,0.1642304,12182.86,218.0567,73.2699
20,86,0.0036,0.3594,0.05375,1.475214,33.25555,0.2111111,0.0478632,0.1145299,0.165812,13261.68,223.5043,105.503
20,87,0.0037,0.3593,0.04467,1.524051,33.85823,0.2101266,0.0472574,0.1097046,0.1670886,14266.9,233.2912,106.1538
20,88,0.0038,0.3592,0.03692,1.576412,34.25997,0.2093023,0.0448505,0.1071429,0.1677741,15354.22,242.0266,104.4726
20,89,0.0039,0.3591,0.04067,1.37377,34.52131,0.2098361,0.042623,0.1040984,0.1680328,16466.23,240.3688,100.8306
20,90,0.004,0.359,0.052,1.430081,35.48537,0.2113821,0.0406504,0.100813,0.1666667,17057.41,239.9187,117.3771
20,91,0.0041,0.3589,0.075,1.319579,36.32686,0.2071197,0.039644,0.1003236,0.1634304,17331.22,198.3819,120.3252
20,92,0.0042,0.3588,0.071,1.307443,33.89968,0.2071197,0.0404531,0.0987055,0.157767,18171.71,208.9806,126.0518
20,93,0.0043,0.3587,0.079,1.257466,30.28168,0.2074253,0.0403551,0.0976594,0.1525424,18781.74,213.1558,120.712
21,80,0.227,0.93,0.06475,8.474033,57.43752,0.2184017,0.0583353,0.1308987,0.1721603,10848.28,306.3552,187.5447
21,81,0.2292,0.9298,0.07242,8.869076,56.69287,0.2128109,0.0558423,0.1304552,0.1776161,11991.83,292.3979,183.3294
21,82,0.2314,0.9296,0.08442,8.464627,51.40649,0.2091992,0.0532337,0.1293486,0.1772122,12789.06,295.0735,209.1037
21,83,0.2336,0.9294,0.06917,8.053791,45.40413,0.2063529,0.0505449,0.1286807,0.1787619,13738.19,293.8558,257.5765
21,84,0.2358,0.9292,0.054,7.893471,44.06071,0.2038946,0.0487972,0.1264605,0.1802978,15139.67,286.3459,277.7417
21,85,0.238,0.929,0.046,8.306141,45.1661,0.2019035,0.0475867,0.123952,0.1819624,16325.23,288.194,285.0401
21,86,0.2402,0.9288,0.04467,8.285491,47.4328,0.2001337,0.0470247,0.1210163,0.1834188,17431.03,289.9042,278.7899
21,87,0.2424,0.9286,0.0425,7.625931,46.77814,0.2001752,0.0451161,0.1178274,0.1850635,18508.71,288.6443,279.8975
21,88,0.2446,0.9284,0.04458,8.043366,48.83147,0.2028768,0.0420781,0.1139974,0.1863461,19705.78,286.6252,282.7858
21,89,0.2468,0.9282,0.03683,8.494183,46.74318,0.2056272,0.0385022,0.1100063,0.1876454,21106.11,293.5688,291.3697
21,90,0.249,0.928,0.04658,9.157983,48.94581,0.2082117,0.0364735,0.1054606,0.1875782,22089.46,300.1876,325.3226
21,91,0.2512,0.9278,0.059,9.555624,52.49825,0.2111865,0.0355747,0.0999383,0.1852766,22485.51,342.0934,348.7703
21,92,0.2534,0.9276,0.066,9.982713,52.14928,0.2129347,0.0357942,0.0949766,0.1812081,23200.12,326.2152,366.5227
21,93,0.2556,0.9274,0.062,9.977845,51.08701,0.2138973,0.0360524,0.0912387,0.1764351,23919.24,330.8358,382.5097
22,80,0.039,0.9119999,0.05625,6.003835,54.69531,0.2044623,0.0552554,0.1366568,0.1631515,10669.32,298.3789,50.13942
22,81,0.0401,0.9112,0.06358,6.287571,52.07627,0.1984746,0.0530421,0.1376322,0.1698735,11804.3,288.2995,54.90674
22,82,0.0412,0.9104,0.07908,5.723618,49.40911,0.1940738,0.0507711,0.1374112,0.1708543,12750.54,270.4557,65.71329
22,83,0.0423,0.9096,0.06883,5.736161,44.09502,0.190895,0.0486291,0.1365753,0.1738231,13777.83,274.7543,73.43615
22,84,0.0434,0.9087999,0.04758,5.198082,40.3484,0.1874679,0.0472522,0.134566,0.1773669,15326.65,276.1685,75.39231
22,85,0.0445,0.9080001,0.0395,5.328005,41.77266,0.1850026,0.0462506,0.1319503,0.1805815,16424.47,276.1945,81.11625
22,86,0.0456,0.9072,0.03842,5.501609,41.16365,0.1836354,0.0457395,0.1282399,0.183466,17796.81,284.7535,87.74018
22,87,0.0467,0.9064,0.03225,5.570345,41.12974,0.1839933,0.0438079,0.1250211,0.1850042,19069.63,297.2536,93.13908
22,88,0.0478,0.9056,0.03267,6.082943,42.91622,0.1846154,0.0406355,0.1235786,0.1854515,20790.42,308.9465,103.016
22,89,0.0489,0.9048001,0.03975,6.635411,43.8537,0.1876974,0.0374065,0.1213633,0.1843724,21690.17,303.4996,113.01
22,90,0.05,0.904,0.05983,7.368596,45.64904,0.1909514,0.0355955,0.1177645,0.1823021,22270.46,300,127.0989
22,91,0.0511,0.9032,0.09,7.362469,45.86989,0.1933278,0.0341952,0.111593,0.1809842,22797.84,263.3361,140.4524
22,92,0.0522,0.9024,0.085,7.79693,42.27332,0.1958952,0.0340397,0.1056232,0.178041,23623.91,276.239,161.0342
22,93,0.0533,0.9016001,0.069,8.049401,40.89005,0.1979374,0.0339321,0.1001331,0.1751497,24475.65,281.3539,177.2401
23,80,0.129,0.808,0.12425,6.371626,60.14371,0.2390413,0.0580868,0.1358238,0.1635716,10146.54,244.0186,161.9037
23,81,0.13,0.8073,0.123,6.413074,62.06776,0.2367249,0.0555978,0.1337822,0.1684222,10901.08,227.9075,163.2909
23,82,0.131,0.8066,0.15458,6.561273,61.23917,0.233571,0.053209,0.1315414,0.1686231,11177.41,233.5272,164.589
23,83,0.132,0.8059,0.14183,7.183135,57.74204,0.2309903,0.0512821,0.1285367,0.1700928,11939.26,226.6689,163.6094
23,84,0.133,0.8052,0.11192,7.622831,58.12565,0.2274284,0.0505028,0.1252072,0.1717317,13187.64,233.3407,160.3669
23,85,0.134,0.8045,0.0995,7.350595,56.39621,0.2242177,0.0504628,0.12197,0.1732041,14225.43,240.5024,161.388
23,86,0.135,0.8038,0.08775,8.054009,56.98149,0.2202016,0.0510517,0.1184268,0.1741893,15105.89,253.3742,195.6258
23,87,0.136,0.8031,0.08167,7.812344,56.84706,0.2186786,0.0498531,0.1153804,0.174268,15609.42,250.3592,227.2349
23,88,0.137,0.8024,0.076,7.483185,53.90182,0.2191365,0.0475157,0.1128227,0.1733565,16504.88,248.1341,259.9216
23,89,0.138,0.8017,0.071,7.106884,52.70528,0.2210094,0.0442019,0.1104507,0.17162,17546.63,243.7155,299.5444
23,90,0.139,0.801,0.07525,7.890452,51.95618,0.2226399,0.0426377,0.1080443,0.1685104,18237.39,238.7391,341.9323
23,91,0.14,0.8003,0.092,8.024747,53.30997,0.2228267,0.0417067,0.1061333,0.1652267,18692.67,265.6853,368.0271
23,92,0.141,0.7996,0.088,7.703201,48.4206,0.2230231,0.0418698,0.1038796,0.1609074,19680.44,263.727,388.512
23,93,0.142,0.7989,0.07,7.915277,46.60973,0.2223043,0.0420975,0.1020257,0.1568896,20540.91,262.7664,414.5961
24,80,0.013,0.643,0.05908,2.269382,45.55152,0.2298822,0.0576546,0.1368989,0.1660942,10004.34,194.5535,51.7037
24,81,0.0139,0.6464,0.05533,2.272373,44.8412,0.2271401,0.0535019,0.1361868,0.1724222,10932.14,194.6498,49.09225
24,82,0.0148,0.6498001,0.0785,2.193658,42.37424,0.2268216,0.050351,0.1336238,0.1733236,11549.94,186.4924,47.81128
24,83,0.0157,0.6532,0.082,1.909925,38.46124,0.2262738,0.0478145,0.1301618,0.1755615,12057.89,189.6885,50.37521
24,84,0.0166,0.6566001,0.0635,2.116883,36.33526,0.2241462,0.0468975,0.1260221,0.1777297,13575.99,191.2939,51.02632
24,85,0.0175,0.66,0.05983,2.569551,38.86161,0.2227533,0.0466061,0.1211759,0.1799713,14315.46,188.7428,52.1164
24,86,0.0184,0.6633999,0.05342,2.851605,40.86374,0.2209275,0.046849,0.1158145,0.1819263,15124.41,193.5791,55.99905
24,87,0.0193,0.6668,0.05383,2.861393,43.41629,0.2210153,0.0451004,0.1112161,0.1822904,15965.07,199.9764,58.54934
24,88,0.0202,0.6702,0.04042,2.907356,40.34032,0.2227654,0.042365,0.1075419,0.1820298,16507.02,204.7952,60.11806
24,89,0.0211,0.6736,0.04358,2.892808,41.09082,0.2256801,0.0396496,0.104426,0.1804979,17843.52,207.1116,65.15363
24,90,0.022,0.677,0.04825,3.054048,42.23147,0.2282782,0.0392246,0.1007982,0.177195,18788.62,209.1448,71.53065
24,91,0.0229,0.6804,0.051,3.164483,41.85902,0.2291008,0.0393131,0.0976051,0.1732942,19287.73,209.8509,72.42873
24,92,0.0238,0.6838,0.051,3.389436,42.641,0.2291853,0.0405103,0.094897,0.168308,20513.44,207.923,78.44555
24,93,0.0247,0.6872,0.051,3.271641,40.59044,0.2302413,0.0416205,0.0929821,0.1622759,21018.72,207.0179,85.54163
25,80,0.352,0.284,0.0745,3.406585,30.63626,0.2618009,0.0610869,0.1344704,0.1467672,6883.167,198.691,136.6175
25,81,0.3524,0.2857,0.08308,3.035053,32.21308,0.2591572,0.0578968,0.1362741,0.1504529,7661.131,190.1536,150.4562
25,82,0.3528,0.2874,0.10983,2.938991,32.70317,0.2577239,0.0551427,0.136097,0.150176,8018.416,202.2292,176.9988
25,83,0.3532,0.2891,0.12583,2.825156,29.49377,0.2570094,0.0525701,0.135514,0.1507009,8327.744,199.1433,209.5815
25,84,0.3536,0.2908,0.10792,2.841738,27.99418,0.2556245,0.0519783,0.1330489,0.1520559,9054.688,197.052,213.4346
25,85,0.354,0.2925,0.10292,2.735317,30.23725,0.2546368,0.0529366,0.1290572,0.1534003,9450.881,194.0108,231.73
25,86,0.3544,0.2942,0.11675,2.774094,31.07633,0.2509638,0.0539707,0.1245181,0.1553585,9847.969,205.8982,239.8763
25,87,0.3548,0.2959,0.1015,2.735033,32.12901,0.247586,0.0536887,0.1208961,0.1568173,10445.25,211.6068,252.9298
25,88,0.3552,0.2976,0.08408,3.311628,33.27132,0.2449612,0.0523256,0.1182171,0.1573643,11183.73,217.6744,259.5211
25,89,0.3556,0.2993,0.078,3.168609,32.62626,0.2432012,0.0497281,0.1161616,0.1569542,11915.9,220.2409,281.0465
25,90,0.356,0.301,0.07442,3.398525,35.23593,0.242142,0.0488941,0.1144742,0.1548312,12571.9,222.0411,299.1453
25,91,0.3564,0.3027,0.086,3.890818,38.31674,0.2403549,0.0482253,0.1149691,0.1516204,13210.98,198.1867,313.6981
25,92,0.3568,0.3044,0.081,4.11587,38.69254,0.2374761,0.048566,0.1154876,0.1483748,14051.25,170.1721,334.9537
25,93,0.3572,0.3061,0.063,4.33863,39.84412,0.2379871,0.0488082,0.1153992,0.1452894,14706.3,205.07,333.3843
26,80,0.105,0.656,0.07225,5.527151,48.63026,0.2220866,0.0551149,0.1293472,0.1531422,9268.149,288.9974,107.4715
26,81,0.1052,0.6566001,0.07675,5.408556,48.17011,0.2208029,0.0515004,0.1293593,0.1585564,10319.93,282.0762,116.4531
26,82,0.1054,0.6572,0.09242,5.087847,44.61108,0.2201258,0.0484885,0.127815,0.1590586,10871.9,274.8428,131.5693
26,83,0.1056,0.6578,0.099,4.79733,40.73989,0.2186489,0.0459142,0.1256068,0.1610032,11523.8,278.9442,151.0448
26,84,0.1058,0.6583999,0.07208,4.637387,38.61769,0.2182915,0.0452261,0.1222111,0.1630151,12665.64,265.8694,163.8956
26,85,0.106,0.659,0.06433,5.0642,38.8494,0.2174,0.0454,0.118,0.1652,13540.2,260.86,176.2814
26,86,0.1062,0.6596,0.06092,5.835158,41.10352,0.2156082,0.0461875,0.1130798,0.1674298,14261.52,264.8019,195.92
26,87,0.1064,0.6601999,0.06333,5.495749,42.00712,0.2149496,0.0456793,0.1087601,0.1688748,14878.42,270.2986,205.2359
26,88,0.1066,0.6608,0.057,5.586974,43.40378,0.2154664,0.0438804,0.1056671,0.1692247,15571.35,276.2102,224.5798
26,89,0.1068,0.6614,0.05475,6.403846,45.50118,0.2164443,0.0412088,0.1034144,0.1681711,16551.73,277.8356,239.5907
26,90,0.107,0.6619999,0.05733,7.141854,43.98478,0.2177561,0.0403902,0.1010732,0.1654634,17413.75,278.6342,273.175
26,91,0.1072,0.6626,0.066,7.633437,46.54422,0.219744,0.0403413,0.0989139,0.1619473,18106.65,257.1373,291.5707
26,92,0.1074,0.6632,0.057,7.406665,43.58428,0.2190329,0.0410326,0.0974764,0.1577731,18963.81,268.3298,308.3204
26,93,0.1076,0.6638,0.064,7.444211,43.50993,0.2187619,0.0416507,0.0964845,0.1532289,19558.44,271.0355,311.8282
27,80,0.002,0.24,0.06208,2.210927,47.68869,0.2376112,0.0571792,0.1321474,0.1689962,8748.783,247.6493,90.47014
27,81,0.0021,0.2399,0.07008,2.520755,47.47924,0.2389937,0.0528302,0.1295597,0.172327,9786.503,244.2767,93.77383
27,82,0.0022,0.2398,0.08633,2.24005,40.93035,0.2400497,0.0497512,0.1256219,0.170398,10167.17,235.9453,104.1509
27,83,0.0023,0.2397,0.08875,2.133907,44.48157,0.2395577,0.046683,0.1216216,0.1707617,10625.67,236.2408,113.6816
27,84,0.0024,0.2396,0.07433,2.384897,44.31181,0.2411693,0.046285,0.1157125,0.1693057,11051.87,228.38,110.688
27,85,0.0025,0.2395,0.0765,2.094891,43.61922,0.2420925,0.0474453,0.1094891,0.1678832,11265.88,239.5377,117.4178
27,86,0.0026,0.2394,0.08117,1.583538,43.48034,0.2395577,0.04914,0.1031941,0.1658477,12008.81,235.6265,137.3479
27,87,0.0027,0.2393,0.07433,1.519255,44.70311,0.2385093,0.047205,0.0981366,0.1639752,12487.8,230.8696,136.4865
27,88,0.0028,0.2392,0.0675,1.23625,41.6475,0.2375,0.04625,0.09375,0.16,12836.84,224.875,149.9379
27,89,0.0029,0.2391,0.05942,1.16875,39.10625,0.2375,0.04375,0.09,0.1575,14145.72,227.625,159
27,90,0.003,0.239,0.05742,1.589263,43.32335,0.2347066,0.0436954,0.0886392,0.1523096,14718.79,230.0874,166
27,91,0.0031,0.2389,0.069,1.400248,35.12639,0.2317224,0.0446097,0.0892193,0.1474597,15803.09,246.0967,177.9026
27,92,0.0032,0.2388,0.067,1.703163,44.36983,0.2287105,0.0450122,0.0912409,0.1411192,16386.23,266.4234,183.1475
27,93,0.0033,0.2387,0.06,1.774732,46.12515,0.2300358,0.0464839,0.0929678,0.1346841,17421.9,245.6496,188.3212
28,80,0.031,0.451,0.0405,2.236943,40.64841,0.2305733,0.0541401,0.1343949,0.1585987,9006.237,217.0064,76.13274
28,81,0.0315,0.4544,0.04133,1.811906,39.88411,0.229259,0.050665,0.1323622,0.1652945,10360.3,219.2527,89.29936
28,82,0.032,0.4578,0.06083,2.301517,37.30658,0.2300885,0.0474083,0.1302149,0.1656132,10837.06,222.0607,93.54021
28,83,0.0325,0.4612,0.05692,2.195076,35.99242,0.229798,0.0448232,0.1268939,0.167298,11224.52,223.3586,100.1264
28,84,0.033,0.4646,0.044,2.282568,33.05601,0.2297042,0.0440529,0.1220894,0.1686595,12315.95,225.4877,97.91667
28,85,0.0335,0.468,0.05467,2.410726,35.0246,0.229653,0.044795,0.1167192,0.1697161,13038.45,229.5268,98.61548
28,86,0.034,0.4714,0.0505,2.66582,36.47903,0.2287166,0.0457433,0.1111817,0.1702668,13567.38,228.526,109.3375
28,87,0.0345,0.4748,0.04933,2.555201,39.47224,0.2278239,0.0453095,0.1065731,0.1697511,14106.28,232.7058,124.1423
28,88,0.035,0.4782,0.0355,2.784214,39.40675,0.2285169,0.0439211,0.103119,0.1680458,15218.31,235.2642,125.2712
28,89,0.0355,0.4816,0.03092,2.859048,38.99238,0.2304762,0.0419048,0.1003175,0.1650794,16048.25,233.2698,131.5086
28,90,0.036,0.485,0.02142,3.29475,38.7666,0.2308666,0.0417457,0.0986717,0.1619228,17374.89,230.993,144.6349
28,91,0.0365,0.4884,0.027,3.352201,40.27107,0.2314465,0.0421384,0.0981132,0.1578616,18050.2,247.9874,144.592
28,92,0.037,0.4918,0.03,3.496565,39.87883,0.2311056,0.0430981,0.0974391,0.1530294,19222.16,236.2274,151.3208
28,93,0.0375,0.4952,0.026,3.391412,37.77971,0.2289981,0.0435594,0.0976976,0.1481021,19759.72,247.7909,152.0924
29,80,0.064,0.82,0.06258,9.13,79.445,0.21625,0.0525,0.13125,0.18125,11702.26,397.625,204.7059
29,81,0.0642,0.8209,0.0715,8.932783,76.68279,0.2158019,0.0495283,0.1273585,0.1898585,12549.41,373.5849,229.875
29,82,0.0644,0.8218,0.10133,8.045351,70.87528,0.2165533,0.0464853,0.1235828,0.19161,12684.26,366.0998,249.5283
29,83,0.0646,0.8227,0.09883,6.472284,59.72395,0.2150776,0.0443459,0.1197339,0.1940133,13181.81,347.8936,312.1315
29,84,0.0648,0.8236,0.078,6.19027,58.42703,0.2108108,0.0432432,0.1156757,0.1967568,14176.67,326.7027,353.4368
29,85,0.065,0.8245,0.07925,6.56572,58.14301,0.2092534,0.042061,0.1125131,0.1966351,15150.73,317.1399,377.0811
29,86,0.0652,0.8254,0.06025,7.057085,54.68604,0.2069317,0.0428135,0.1100917,0.1957186,16030.89,327.2171,396.53
29,87,0.0654,0.8263,0.063,6.848485,55.86901,0.2062561,0.0420332,0.1075269,0.1935484,16842.65,322.043,463.9144
29,88,0.0656,0.8272,0.0515,7.697674,55.93302,0.2093023,0.04,0.1041861,0.1916279,17910.01,314.3256,433.4311
29,89,0.0658,0.8281,0.04992,6.109939,55.17326,0.2093228,0.0369393,0.1029024,0.1882146,19376.58,321.5039,454.0465
29,90,0.066,0.829,0.04958,5.924528,53.85726,0.2132896,0.0360952,0.0992617,0.1853979,20247.86,322.5595,449.6042
29,91,0.0662,0.8299,0.055,6.749224,56.0427,0.2173913,0.0357143,0.0939441,0.1863354,20772.9,309.472,436.5874
29,92,0.0664,0.8308,0.066,6.921407,54.69835,0.2178144,0.0351796,0.0890719,0.1856287,21863.72,319.6108,452.0963
29,93,0.0666,0.8317,0.072,8.752339,53.04896,0.2181426,0.0352772,0.0863931,0.1843053,22745.22,341.1807,452.7695
30,80,0.004,0.555,0.04683,1.794788,44.90554,0.2258415,0.0553746,0.1313789,0.1704669,9837.78,219.9783,34.76348
30,81,0.0042,0.5556,0.05017,1.467449,41.65849,0.2198506,0.0533618,0.1302028,0.1760939,10921.71,224.5464,35.39631
30,82,0.0044,0.5562,0.0745,1.25211,37.16139,0.2172996,0.0506329,0.1297468,0.1751055,11701.75,242.827,42.47599
30,83,0.0046,0.5568,0.05417,1.25261,32.34551,0.2129436,0.0480167,0.1283925,0.1764092,12878.78,228.81,46.94093
30,84,0.0048,0.5574,0.04225,1.338792,30.03787,0.209826,0.0470829,0.1258956,0.1780962,14356.59,233.9816,50
30,85,0.005,0.558,0.03917,1.409228,31.14243,0.2066199,0.0461384,0.1223671,0.1815446,15700.68,229.3882,59.46776
30,86,0.0052,0.5586,0.02842,1.398049,31.9678,0.204878,0.0458537,0.1180488,0.1843902,17063.13,247.3171,68.50552
30,87,0.0054,0.5592,0.0255,1.5,32.31309,0.2049336,0.044592,0.113852,0.186907,18046.03,261.5275,76.29268
30,88,0.0056,0.5598,0.02508,1.497692,32.27239,0.2077562,0.0424746,0.1117267,0.1865189,19287.25,274.9769,82.25806
30,89,0.0058,0.5604,0.03433,1.687783,34.33937,0.2108597,0.038914,0.1095023,0.1855204,19968.21,273.8462,94.09049
30,90,0.006,0.561,0.05708,1.3156,35.14518,0.213706,0.037872,0.1055005,0.1830478,20280.03,277.1866,105.5204
30,91,0.0062,0.5616,0.072,1.189531,33.19495,0.2138989,0.0361011,0.1019856,0.1796029,20955.18,219.5848,121.0099
30,92,0.0064,0.5622,0.075,1.252915,29.44215,0.2143498,0.0367713,0.0995516,0.173991,21730.21,224.3946,138.3574
30,93,0.0066,0.5628,0.066,1.377778,27.672,0.2151111,0.0373333,0.096,0.168,22175.45,221.5111,159.3722
31,80,0.126,1,0.07208,6.024847,57.78995,0.2141208,0.056076,0.1183978,0.1545146,11666.02,384.4535,75.60744
31,81,0.1268,1,0.07292,6.301337,55.44661,0.2076414,0.053868,0.1198866,0.1595788,12913.11,381.207,78.26205
31,82,0.1276,1,0.08975,6.079263,50.73557,0.2030682,0.0515408,0.1203068,0.1594671,13852.91,377.4593,106.0618
31,83,0.1284,1,0.07858,5.530798,46.10284,0.199384,0.0492769,0.1201125,0.1610873,14933.58,369.0279,128.8387
31,84,0.1292,1,0.06167,5.277312,43.27758,0.1964072,0.0479042,0.1192282,0.1631404,16460.65,354.9967,136.0338
31,85,0.13,1,0.05667,5.441713,45.47542,0.1938937,0.0473169,0.1177637,0.1650806,17547,365.5961,158.3367
31,86,0.1308,1,0.05042,5.723301,46.67594,0.1915508,0.0471005,0.1154553,0.1674101,18728.76,372.7631,169.4555
31,87,0.1316,1,0.04042,5.410898,47.21093,0.1915005,0.0452353,0.1123713,0.1699909,19996.91,374.534,181.6452
31,88,0.1324,1,0.03808,5.834155,47.17414,0.1926867,0.0424015,0.1090508,0.1729772,21732.6,376.6727,208.1736
31,89,0.1332,1,0.04083,6.097722,46.66477,0.1949262,0.0392182,0.1053585,0.175123,23114.44,379.0189,219.6058
31,90,0.134,1,0.04975,6.468148,47.94198,0.1969247,0.0378602,0.1007882,0.1753456,24184.86,381.4059,251.605
31,91,0.1348,1,0.066,6.336936,47.88524,0.1996655,0.0369227,0.0959732,0.1725203,24744.8,429.5124,273.0068
31,92,0.1356,1,0.084,6.233376,44.20946,0.2016624,0.0369565,0.0918159,0.1684143,26098.61,431.0358,302.1099
31,93,0.1364,1,0.074,6.268562,41.73969,0.2037061,0.0369336,0.0887168,0.1637264,26732.07,432.2757,289.6803
32,80,0.018,0.396,0.07467,6.114351,53.33078,0.2601689,0.0606293,0.1366078,0.1665388,8193.065,264.9271,114.0856
32,81,0.0182,0.4048,0.07267,6.686421,55.04051,0.2588147,0.0570143,0.135784,0.1702926,9066.073,267.817,92.01842
32,82,0.0184,0.4136,0.09225,7.318182,58.51613,0.2573314,0.0535191,0.1334311,0.1708211,9603.169,258.651,100.9002
32,83,0.0186,0.4224,0.10183,6.892396,56.79699,0.2553802,0.0502152,0.1312769,0.1721664,9990.121,282.9268,106.085
32,84,0.0188,0.4312,0.07483,6.914608,55.8278,0.2547636,0.0494001,0.1270289,0.1721948,10646.65,283.2745,122.5251
32,85,0.019,0.44,0.08858,7.098053,58.30529,0.2538247,0.0493741,0.1223922,0.1724618,11326.23,284.0751,134.6507
32,86,0.0192,0.4488,0.09142,7.334928,59.64867,0.2508544,0.050581,0.1175666,0.1729323,11561.59,295.4203,146.8707
32,87,0.0194,0.4576,0.08792,6.373901,60.02367,0.2508452,0.0493577,0.112238,0.1730899,11891.18,298.9182,157.6213
32,88,0.0196,0.4664,0.07825,6.669799,60.27987,0.252349,0.0483221,0.1073826,0.1718121,12559.06,303.3557,174.8479
32,89,0.0198,0.4752,0.06608,7.150931,59.6363,0.2526596,0.0458777,0.1037234,0.1702128,13387.15,301.3963,182.7517
32,90,0.02,0.484,0.06275,7.766754,58.77004,0.2516426,0.0453351,0.1005256,0.1681997,14193.27,298.6859,207.4468
32,91,0.0202,0.4928,0.069,8.352942,58.48352,0.2521009,0.0452489,0.0989011,0.1635423,14822.01,315.4492,201.5112
32,92,0.0204,0.5016,0.068,9.343236,54.95702,0.2509482,0.045512,0.0986094,0.1586599,15518.19,318.3944,194.958
32,93,0.0206,0.5104,0.075,9.297029,53.36386,0.2512376,0.0457921,0.0983911,0.1528465,16337.56,290.9035,199.3679
33,80,0.137,0.904,0.07475,10.26512,58.64842,0.2122679,0.0547329,0.1229069,0.1583324,10910.89,324.2454,118.6078
33,81,0.1392,0.9047,0.07642,10.71141,58.44473,0.2071949,0.0529372,0.1243169,0.1633652,12123.05,337.5569,123.243
33,82,0.1414,0.9054,0.08558,9.939341,54.9954,0.2042638,0.0508243,0.1248437,0.1633314,13021.86,345.1393,145.1161
33,83,0.1436,0.9061,0.0855,9.130378,49.8288,0.2024085,0.0487364,0.1247244,0.1650365,13875,343.8458,158.8687
33,84,0.1458,0.9068,0.07225,9.137665,46.6003,0.2002705,0.0474473,0.1236335,0.1669109,15253.15,345.7681,172.4996
33,85,0.148,0.9075,0.06542,9.294346,46.56284,0.1985162,0.0469874,0.1218525,0.1687275,16254.44,356.5591,186.5716
33,86,0.1502,0.9082,0.06258,9.825044,47.65474,0.1964336,0.0469915,0.1192733,0.1705265,17417.61,373.5546,193.9467
33,87,0.1524,0.9089,0.04858,10.05602,49.32173,0.1963736,0.045218,0.1166266,0.1720857,18442.74,403.4557,215.6059
33,88,0.1546,0.9096,0.04192,10.94677,51.99515,0.1973134,0.0424168,0.1145978,0.1736804,19712.27,432.3672,228.5634
33,89,0.1568,0.9103,0.05092,11.29077,51.52622,0.1990769,0.0393149,0.1123839,0.174665,20983.29,426.5445,248.3696
33,90,0.159,0.911,0.05208,11.80191,51.79514,0.2009777,0.0381624,0.1088212,0.1742029,22321.59,421.2865,284.8913
33,91,0.1612,0.9117,0.072,11.64648,50.83765,0.2039674,0.0374577,0.1041724,0.1721062,22924.91,332.36,304.9384
33,92,0.1634,0.9124,0.085,11.22707,47.38958,0.2061958,0.0377713,0.0999503,0.1691976,24138.2,360.804,320.6184
33,93,0.1656,0.9131,0.077,10.7354,44.77793,0.2077815,0.0377535,0.0966643,0.1660164,24770.8,360.4495,340.9134
34,80,0.224,0.545,0.06542,4.520401,41.58194,0.2267936,0.0550833,0.1397484,0.1638898,8021.587,233.322,231.1695
34,81,0.2236,0.5472,0.06442,4.362263,40.79436,0.221588,0.0522075,0.1400034,0.1685412,8895.05,233.4565,245.7667
34,82,0.2232,0.5494,0.09017,4.463366,40.9691,0.218641,0.0498422,0.1387274,0.1683004,9325.177,221.5484,249.0012
34,83,0.2228,0.5516,0.08892,4.099226,37.77193,0.2157314,0.04805,0.1369097,0.1696561,10064.35,224.4364,255.0091
34,84,0.2224,0.5538,0.06767,4.037151,36.41093,0.2115509,0.0473718,0.1335172,0.1721285,11146.28,224.8215,234.6059
34,85,0.222,0.556,0.05392,4.209626,37.01071,0.2080269,0.0473297,0.1299968,0.1747681,11871.36,226.639,246.9014
34,86,0.2216,0.5582,0.05317,4.765581,38.61452,0.2048402,0.048086,0.1252768,0.1765264,12694.28,233.0592,255.9482
34,87,0.2212,0.5604,0.04467,4.846815,41.71721,0.2025297,0.0473142,0.1222673,0.1769207,13480.28,241.9816,258.9845
34,88,0.2208,0.5626,0.03625,5.053695,43.90634,0.2022836,0.0453634,0.1203518,0.1758988,14436.04,250.8718,251.6864
34,89,0.2204,0.5648,0.03517,5.468698,47.11699,0.2024372,0.0423458,0.1194212,0.1744097,15233.87,260.7845,250.7484
34,90,0.22,0.567,0.041,6.212536,48.44521,0.202916,0.0407335,0.1176913,0.1718022,16284.23,270.2841,253.2826
34,91,0.2196,0.5692,0.058,6.572085,52.2104,0.2040302,0.0395614,0.11498,0.1693584,16809.23,277.2559,267.0074
34,92,0.2192,0.5714,0.059,6.816852,51.26492,0.2050907,0.0394968,0.1117613,0.1660328,17829.21,318.2124,270.7364
34,93,0.2188,0.5736,0.049,6.793088,49.73031,0.2059035,0.0394528,0.1087113,0.1631389,18688.22,301.5407,292.0568
35,80,0.004,0.359,0.04967,0.5390505,29.07198,0.237366,0.0551302,0.1485452,0.1592649,7660.252,186.2175,20.82695
35,81,0.0042,0.3634,0.05125,0.6727273,29.14697,0.2363636,0.0515152,0.1469697,0.1666667,9831.187,187.8788,28.33078
35,82,0.0044,0.3678,0.05717,0.6188341,25.90135,0.2361734,0.0478326,0.1434978,0.1689088,10468.88,196.1136,33.0303
35,83,0.0046,0.3722,0.05675,0.5391433,26.33383,0.2378139,0.0457903,0.1388479,0.1713442,11101.99,203.545,41.2556
35,84,0.0048,0.3766,0.05217,0.5411765,25.52059,0.2397059,0.0455882,0.1338235,0.175,11623.24,192.7941,51.69867
35,85,0.005,0.381,0.05983,0.4756278,26.63515,0.2378139,0.0443131,0.127031,0.1757755,12011.75,194.387,55.14706
35,86,0.0052,0.3854,0.06292,0.5201794,25.92377,0.2391629,0.0463378,0.1195815,0.1763827,12371.56,204.7832,55.39143
35,87,0.0054,0.3898,0.05133,0.5779123,28.2239,0.2375189,0.0453858,0.1149773,0.1739788,12636.25,200.4539,53.96114
35,88,0.0056,0.3942,0.04817,0.5984733,27.01527,0.2351145,0.0427481,0.1114504,0.1709924,11932.55,195.4198,57.48866
35,89,0.0058,0.3986,0.04225,0.6455109,25.51858,0.2352941,0.0417957,0.1083591,0.1671827,13742.09,201.161,63.20611
35,90,0.006,0.403,0.04,0.7398119,28.52038,0.2319749,0.0423198,0.1065831,0.161442,15305.55,206.7398,62.5387
35,91,0.0062,0.4074,0.041,0.6556082,27.37125,0.2306477,0.042654,0.1058452,0.1579779,15602.82,208.8468,68.18182
35,92,0.0064,0.4118,0.049,0.8359621,28.28864,0.2287066,0.044164,0.1041009,0.1529968,17128.01,210.4101,69.66824
35,93,0.0066,0.4162,0.043,0.8220472,27.3811,0.2267717,0.0440945,0.103937,0.1496063,17121.5,210.2362,67.50789
36,80,0.1,0.789,0.08367,4.968142,49.18883,0.2310613,0.0554732,0.1309502,0.1595666,9742.008,217.531,123.7266
36,81,0.1006,0.7891001,0.09625,4.960048,49.45291,0.2278457,0.0527438,0.1295884,0.1653689,10582.78,217.5844,124.9213
36,82,0.1012,0.7892,0.12508,4.380961,45.13043,0.2258064,0.0502928,0.1274519,0.1651948,11011.48,224.8024,138.7467
36,83,0.1018,0.7893,0.12208,3.982026,41.10281,0.2246228,0.0484262,0.124418,0.1664183,11607.04,221.9594,160.9836
36,84,0.1024,0.7894,0.09417,3.85826,38.9282,0.2229466,0.0478674,0.1209723,0.167629,12698.38,218.2716,167.6942
36,85,0.103,0.7895,0.08875,3.819283,38.08868,0.2204937,0.0479739,0.1174662,0.1687937,13421.36,218.2953,173.3936
36,86,0.1036,0.7896,0.08133,4.21808,39.45825,0.2171482,0.0489282,0.1136999,0.1698043,14138.48,226.3933,194.3549
36,87,0.1042,0.7897,0.07,4.222677,41.63234,0.2155204,0.0481413,0.1105019,0.1698885,14727.21,223.3829,209.3476
36,88,0.1048,0.7898,0.06025,4.550792,42.21595,0.2156681,0.0460228,0.1082508,0.1691823,15733.14,220.2056,225.2788
36,89,0.1054,0.7899,0.05533,4.719642,42.95346,0.2170099,0.0430326,0.1065657,0.1675132,16644.89,216.2988,245.0412
36,90,0.106,0.79,0.05658,5.052825,43.29735,0.2170072,0.0415976,0.1048224,0.164734,17541.7,212.2768,282.002
36,91,0.1066,0.7901,0.064,5.617916,44.7075,0.216362,0.0408592,0.1031993,0.1617002,18000.61,236.4442,292.8585
36,92,0.1072,0.7902,0.072,5.256783,41.3771,0.2155884,0.0411033,0.1015334,0.1576989,18923.84,240.3775,326.7276
36,93,0.1078,0.7903,0.065,5.041475,39.81156,0.2164818,0.0412947,0.0999008,0.1530971,19627.88,223.9203,348.2261
37,80,0.068,0.57,0.04825,4.161653,45.97058,0.2290909,0.0532231,0.1328926,0.1573554,9364.947,222.4132,142.8571
37,81,0.0686,0.5724,0.036,4.270995,44.1334,0.2286822,0.0494186,0.1321059,0.1624677,10683.5,224.8385,158.5455
37,82,0.0692,0.5748,0.05708,4.39894,47.35309,0.2276981,0.0461634,0.1310044,0.1637555,11434.48,249.1266,170.5749
37,83,0.0698,0.5772,0.09017,4.244377,45.16687,0.231307,0.0446809,0.1273556,0.1650456,11245.4,242.4012,202.7448
37,84,0.0704,0.5796,0.07008,4.08947,45.0143,0.2318929,0.0447352,0.1226415,0.1658551,11830.76,255.6604,227.3556
37,85,0.071,0.582,0.07167,4.258636,50.48915,0.2320391,0.0455518,0.1173953,0.1666157,12286.5,258.1779,239.5618
37,86,0.0716,0.5844,0.08208,4.433753,56.6683,0.2296342,0.0467261,0.1118967,0.1675376,12338.33,259.7295,254.6622
37,87,0.0722,0.5868,0.07358,4.256698,57.16355,0.2299065,0.0470405,0.1074766,0.1669782,12508.88,249.8754,298.4322
37,88,0.0728,0.5892,0.06708,4.477108,53.1083,0.2282918,0.0454689,0.1045153,0.165772,13311.71,239.7537,300.2804
37,89,0.0734,0.5916,0.056,5.030794,51.28825,0.2257143,0.0434921,0.1034921,0.164127,14188.6,244.8254,329.9021
37,90,0.074,0.594,0.056,5.467301,50.44095,0.2244444,0.0428571,0.1025397,0.1609524,15104.62,248.6032,368.5079
37,91,0.0746,0.5964,0.067,5.850063,50.96244,0.2238005,0.0426136,0.1022727,0.1575126,15654.5,303.346,396.6667
37,92,0.0752,0.5988,0.057,6.24181,48.19313,0.224337,0.0433697,0.1023401,0.1531981,16476.32,287.6443,434.7854
37,93,0.0758,0.6012,0.06,6.348499,46.59424,0.2253172,0.0439492,0.1027546,0.1488703,17037.23,275.9517,477.1295
38,80,0.014,0.67,0.08258,4.862134,61.43525,0.224079,0.0505127,0.1257121,0.1826814,9895.174,240.2962,122.4111
38,81,0.0142,0.6715,0.0985,4.74925,65.06596,0.2245128,0.0476012,0.1210645,0.185907,10473.43,239.8801,120.4709
38,82,0.0144,0.673,0.11558,4.701313,60.57936,0.2236398,0.0457786,0.1166979,0.1834897,10643.89,228.3302,123.3883
38,83,0.0146,0.6745,0.10808,4.894836,57.82586,0.2227667,0.044478,0.1123257,0.1820581,11363.68,230.2676,146.3415
38,84,0.0148,0.676,0.09367,5.074241,57.52644,0.2208474,0.0446194,0.1087364,0.1799775,12276.45,223.4721,148.9634
38,85,0.015,0.6775,0.08817,5.539469,62.11111,0.2184811,0.0448934,0.1051253,0.1773288,12904.33,218.7804,158.3802
38,86,0.0152,0.679,0.08475,5.525335,65.65089,0.2153502,0.0454545,0.1013413,0.1751118,13545.44,221.237,163.7112
38,87,0.0154,0.6805,0.062,5.441318,64.84191,0.2139948,0.0440578,0.098482,0.1721584,14166.84,225.0833,177.7198
38,88,0.0156,0.682,0.05825,5.457497,65.12952,0.2130609,0.0415907,0.0974097,0.1685516,15077.45,226.961,202.0363
38,89,0.0158,0.6835,0.05692,5.240057,57.01147,0.2149767,0.0397707,0.0956646,0.163024,16285.05,223.7728,218.5699
38,90,0.016,0.685,0.05508,5.040238,51.11022,0.216585,0.0395381,0.0944717,0.1581526,17201.36,219.3842,220.5661
38,91,0.0162,0.6865,0.06,5.068517,52.54197,0.2171977,0.0397396,0.0931826,0.1548476,17786.6,208.8729,227.1518
38,92,0.0164,0.688,0.075,5.1107,53.1965,0.2166891,0.0410498,0.0921938,0.1514132,18713.09,208.3782,230.6269
38,93,0.0166,0.6895,0.072,5.031003,52.62467,0.216029,0.0418865,0.0920185,0.1484169,19446.6,203.1662,221.5007
39,80,0.088,0.846,0.07817,3.627107,33.61101,0.2093729,0.0538604,0.1266015,0.1511295,9929.736,248.9885,64.64502
39,81,0.0884,0.8462,0.08358,3.719032,33.12859,0.2054136,0.051775,0.1267392,0.156337,10915.18,241.6308,68.37492
39,82,0.0888,0.8464,0.10917,3.610553,30.97535,0.2028704,0.0494724,0.1259603,0.1562685,11545.08,245.2258,78.34556
39,83,0.0892,0.8466001,0.11842,3.445008,28.66371,0.2010475,0.0474742,0.1240919,0.1578814,12085.66,239.3056,88.20599
39,84,0.0896,0.8468,0.091,3.229285,27.58866,0.1987304,0.0463817,0.1212019,0.1601354,13048.65,236.5214,98.82581
39,85,0.09,0.8469999,0.08017,3.333616,27.2524,0.1966698,0.0458755,0.117747,0.1619234,13972.76,237.0147,110.0127
39,86,0.0904,0.8472,0.06833,3.617839,27.67962,0.1950267,0.0460833,0.113808,0.163371,14848.46,243.079,119.9473
39,87,0.0908,0.8474,0.05658,3.732707,28.23436,0.1945644,0.0447888,0.1105749,0.1638303,15604.54,232.1607,128.7024
39,88,0.0912,0.8476,0.05092,3.674996,28.57386,0.1953402,0.0426304,0.1081378,0.1634307,16586.47,221.1633,137.5497
39,89,0.0916,0.8478,0.045,3.841733,30.25518,0.1969493,0.0396932,0.1056801,0.1623125,17844.22,225.9607,150.9624
39,90,0.092,0.848,0.05383,4.305422,30.41656,0.1980664,0.0381673,0.1033207,0.1601513,18884.22,230.5675,172.4086
39,91,0.0924,0.8482,0.069,4.504478,31.11675,0.1989288,0.037409,0.10118,0.1569169,19637.44,222.1441,187.314
39,92,0.0928,0.8483999,0.075,4.274781,29.69196,0.1994164,0.037599,0.0987078,0.152897,20601.49,215.6148,195.7151
39,93,0.0932,0.8486,0.07,4.174552,28.53926,0.2005312,0.0378486,0.0961155,0.1489044,21241.82,208.5242,208.1367
40,80,0.029,0.927,0.07225,4.080254,55.17318,0.2038015,0.0538543,0.1362197,0.1541711,9592.049,277.9303,58.84211
40,81,0.03,0.9268,0.07575,4.412382,54.04407,0.1972718,0.0514166,0.13851,0.1594963,10590.9,273.9769,64.51954
40,82,0.031,0.9266,0.10258,4.034591,49.83124,0.1939203,0.0492662,0.1383648,0.1603774,11318.84,264.3606,72.29801
40,83,0.032,0.9264,0.0825,3.548117,46.45398,0.1914226,0.0470711,0.1380753,0.1621339,12151.6,266.7364,81.86583
40,84,0.033,0.9262,0.05325,3.347193,44.39293,0.1891892,0.045738,0.1351351,0.1663202,13313.32,264.4491,91.841
40,85,0.034,0.926,0.05008,3.462332,43.72343,0.1867905,0.0443756,0.1320949,0.1702786,14120.25,261.9195,92.61954
40,86,0.035,0.9258,0.04133,3.348004,45.57625,0.185261,0.0440123,0.1279427,0.1740021,15079.77,275.7421,99.38081
40,87,0.036,0.9256,0.03875,3.582828,49.05859,0.1858586,0.0424242,0.1242424,0.1757576,16025.88,279.3939,103.0706
40,88,0.037,0.9254,0.03058,3.962852,48.02912,0.186747,0.0401606,0.123494,0.1757028,17330.56,284.9398,100.101
40,89,0.038,0.9252,0.04,3.768232,48.32368,0.1888112,0.036963,0.1218781,0.1738262,18435.11,297.2527,118.3735
40,90,0.039,0.925,0.06783,4.316733,49.18127,0.1912351,0.0358566,0.1195219,0.1723108,19044.36,310.0598,146.7533
40,91,0.04,0.9248,0.085,4.619522,45.7739,0.1942231,0.0348606,0.1155379,0.1693227,19444.85,277.988,157.9681
40,92,0.041,0.9246,0.089,3.961039,42.002,0.1978022,0.034965,0.1108891,0.1648352,20235.46,273.7263,174.2032
40,93,0.042,0.9244,0.077,4.017,40.973,0.2,0.035,0.105,0.162,21203.68,273.9,170.8292
41,80,0.304,0.598,0.06908,6.478219,46.91256,0.2431134,0.0589366,0.1431774,0.165599,7589.166,212.3959,230.2589
41,81,0.3034,0.5988,0.08392,6.377792,46.59547,0.2374961,0.0553633,0.1446996,0.1701793,8366.804,204.2466,237.8924
41,82,0.3028,0.5996,0.10808,7.188591,46.33946,0.2350374,0.0520574,0.1433915,0.1698878,8734.523,213.4352,251.966
41,83,0.3022,0.6004,0.10042,6.225418,41.92641,0.233457,0.0497836,0.1406927,0.1703772,9403.703,205.102,268.9838
41,84,0.3016,0.6012,0.07083,6.297983,40.73044,0.2304401,0.0488998,0.1375306,0.1717604,10302.93,215.8924,280.6432
41,85,0.301,0.602,0.06858,6.39449,42.65577,0.2279746,0.0490463,0.132304,0.1728732,10914.1,224.9773,284.6883
41,86,0.3004,0.6028,0.06217,6.816931,45.09483,0.2246485,0.049656,0.1280287,0.1740951,11478.98,230.5115,299.9697
41,87,0.2998,0.6036,0.05592,6.735581,45.55487,0.2221236,0.0493937,0.1242236,0.1745046,12197.26,241.748,329.7039
41,88,0.2992,0.6044,0.04567,7.587632,47.82063,0.2221571,0.0480657,0.1207503,0.1732122,13193.88,253.2532,350.843
41,89,0.2986,0.6052,0.04717,8.266127,48.82037,0.2218687,0.0454151,0.1188892,0.171536,13883.49,258.2007,378.136
41,90,0.298,0.606,0.047,9.725793,50.47958,0.2210797,0.0439874,0.1168238,0.1690945,15096.97,263.0963,428.3483
41,91,0.2974,0.6068,0.062,9.722269,52.05251,0.2204437,0.0426846,0.115417,0.1668071,15466.86,257.1469,462.9534
41,92,0.2968,0.6076,0.062,9.44463,49.48598,0.2195393,0.0427422,0.1135165,0.1634749,16170.31,228.8371,483.235
41,93,0.2962,0.6084,0.075,10.2336,48.80016,0.2187757,0.0425473,0.1114466,0.1603075,16809.15,267.966,488.8149
42,80,0.003,0.158,0.04783,1.263386,31.03763,0.2387844,0.0578871,0.1374819,0.1490593,7703.867,204.9204,78.34303
42,81,0.0032,0.1717,0.05075,1.04058,28.87246,0.2391304,0.0536232,0.1376812,0.1550725,8930.102,203.6232,88.13314
42,82,0.0034,0.1854,0.05442,0.9898698,25.45876,0.2402316,0.0492041,0.1360347,0.1562952,9324.141,212.5905,95.94202
42,83,0.0036,0.1991,0.05408,1.212121,24.52092,0.2395382,0.046176,0.1327561,0.1587301,9685.013,210.5339,109.2619
42,84,0.0038,0.2128,0.04367,1.493544,24.96844,0.241033,0.0444763,0.1276901,0.1606887,10788.39,208.1779,116.5945
42,85,0.004,0.2265,0.0525,1.385387,25.40115,0.2421203,0.0458453,0.1203438,0.1618911,11149.89,211.4613,129.6987
42,86,0.0042,0.2402,0.04867,1.268678,26.3592,0.2413793,0.045977,0.1135057,0.1637931,11757.85,219.1092,148.5673
42,87,0.0044,0.2539,0.04233,1.219828,26.06034,0.2413793,0.045977,0.1077586,0.1637931,12505.16,222.2701,150.8621
42,88,0.0046,0.2676,0.03908,1.164756,25.27364,0.2421203,0.0444126,0.1031519,0.1618911,12839.54,224.7851,162.7874
42,89,0.0048,0.2813,0.04158,1.390244,26.15495,0.2424677,0.0430416,0.1004304,0.159254,14133.02,232.2812,146.1318
42,90,0.005,0.295,0.03617,1.625538,27.42611,0.2424677,0.0430416,0.097561,0.1563845,15620.62,239.4548,180.2009
42,91,0.0052,0.3087,0.034,1.824786,29.0114,0.2421652,0.0441595,0.0968661,0.1509971,16410.75,199.4302,192.396
42,92,0.0054,0.3224,0.031,1.95339,28.16243,0.2429378,0.0451977,0.0974576,0.1454802,17353.75,189.8305,195.7265
42,93,0.0056,0.3361,0.035,2.083916,27.4979,0.2447553,0.0475524,0.0965035,0.1398601,17986.4,161.1189,210.0282
43,80,0.158,0.648,0.073,4.535831,39.99826,0.2278371,0.0551078,0.1309083,0.162274,8030.399,227.1836,145.3728
43,81,0.1582,0.6508999,0.09075,4.10955,38.83686,0.2247191,0.0522904,0.1302939,0.1668107,8836.814,226.8367,152.9514
43,82,0.1584,0.6538,0.11842,4.215669,39.96814,0.2223418,0.0497202,0.1291434,0.1661644,9264.429,226.7327,170.6353
43,83,0.1586,0.6567,0.11483,4.04206,36.2897,0.2199571,0.0474249,0.1272532,0.1669528,9849.827,230.0858,169.3715
43,84,0.1588,0.6596,0.08567,4.482612,34.66226,0.2169831,0.046725,0.1243866,0.1679112,10876.67,221.1862,199.5923
43,85,0.159,0.6625,0.08,4.791516,37.29099,0.2131495,0.0468717,0.121315,0.1696713,11581.12,213.5949,187.796
43,86,0.1592,0.6654,0.08033,5.469297,40.48555,0.2099599,0.0481114,0.1169023,0.1707111,12492.33,228.7824,164.4751
43,87,0.1594,0.6683,0.06608,5.415011,41.94355,0.2071921,0.0476688,0.1137362,0.1714405,13316.12,240.9262,185.5244
43,88,0.1596,0.6712,0.05775,5.434467,40.15906,0.2077976,0.0462464,0.111572,0.1702613,14180.59,253.1107,193.3724
43,89,0.1598,0.6741,0.05125,5.586732,40.34899,0.2082818,0.0436753,0.1100124,0.1685208,15075.71,246.2299,206.3459
43,90,0.16,0.677,0.05217,6.683974,43.67294,0.2078904,0.0421096,0.1083402,0.1659853,15900.63,239.1455,218.9946
43,91,0.1602,0.6799,0.066,7.260703,46.4168,0.207189,0.0409935,0.1068255,0.1639742,16490.13,286.0258,212.3467
43,92,0.1604,0.6828,0.064,7.4601,43.88736,0.2071642,0.040995,0.1052736,0.160398,17622.51,290.6468,231.7044
43,93,0.1606,0.6857,0.057,7.657776,44.73759,0.2076878,0.0411845,0.1039419,0.1570896,18414.15,277.3877,235.801
44,80,0.12,0.795,0.05225,5.480217,55.69471,0.2473118,0.0553096,0.1395741,0.1705672,9915.664,233.2771,190.9706
44,81,0.1199,0.7971,0.05292,5.327547,55.21246,0.2466432,0.0520141,0.1369863,0.1779466,11267.24,228.0551,210.078
44,82,0.1198,0.7992,0.0685,5.751615,57.06079,0.2462984,0.0495728,0.1341726,0.1803535,11830.76,230.9569,213.6308
44,83,0.1197,0.8013,0.07992,5.113382,53.85424,0.2448578,0.04774,0.1312849,0.1835323,12125.67,232.015,235.7902
44,84,0.1196,0.8034,0.05933,5.043856,55.18779,0.2443306,0.0476042,0.1273193,0.1852939,13026.46,234.7098,223.8382
44,85,0.1195,0.8055,0.07008,5.532477,60.546,0.2435322,0.0482394,0.1232102,0.1868125,13741.32,240.1831,229.1622
44,86,0.1194,0.8076,0.08883,6.637582,67.98484,0.2429201,0.0495743,0.1186523,0.1875491,13588.02,244.9913,230.6397
44,87,0.1193,0.8097,0.08442,6.374744,71.62543,0.2428709,0.0493924,0.1153291,0.1869209,13953.83,252.8216,232.6792
44,88,0.1192,0.8118,0.07308,6.569808,74.15072,0.2431151,0.047939,0.1132177,0.1852763,14767.04,262.4648,233.5519
44,89,0.1191,0.8139,0.06725,6.657286,73.47992,0.2405545,0.0453977,0.1128696,0.183971,15694.98,265.0175,242.6172
44,90,0.119,0.816,0.06167,7.581653,70.34883,0.2417351,0.0443728,0.1112544,0.180891,16734.9,267.3388,261.9266
44,91,0.1189,0.8181,0.066,8.399204,69.77778,0.2429691,0.043799,0.108633,0.1784232,17439.58,329.2301,293.3294
44,92,0.1188,0.8202,0.075,8.051179,62.42035,0.2436804,0.043884,0.1065996,0.174631,18448.78,337.8839,297.8158
44,93,0.1187,0.8223,0.07,7.621264,56.76956,0.2437469,0.0437025,0.1055405,0.1707615,19134.2,348.4499,341.9499
45,80,0.006,0.772,0.06308,3.028747,55.68583,0.3162218,0.0533881,0.1478439,0.1649555,8005.087,221.0815,67.39436
45,81,0.0061,0.7723,0.06658,2.988119,54.54984,0.3227723,0.050165,0.1405941,0.1709571,8703.905,200.066,63.51814
45,82,0.0062,0.7726,0.0785,2.849808,50.35366,0.3241335,0.0487805,0.1347882,0.1739409,9130.033,213.9923,74.32343
45,83,0.0063,0.7729,0.09258,2.598119,49.3511,0.3272727,0.0476489,0.1278997,0.1761755,9567.966,200.4389,76.95763
45,84,0.0064,0.7732,0.0655,2.487669,46.0561,0.3255241,0.0480888,0.1233046,0.1781751,10342.66,206.2885,79.05956
45,85,0.0065,0.7735,0.05925,2.676811,50.56117,0.3231893,0.0486914,0.1205113,0.1777237,10915.01,206.1473,91.92355
45,86,0.0066,0.7738,0.05967,2.670475,52.1792,0.3193025,0.0511124,0.1160553,0.1779916,11317.63,213.9507,98.78271
45,87,0.0067,0.7741001,0.06342,2.300954,53.95232,0.3200238,0.0518474,0.1126341,0.1752086,11781.38,219.0405,104.9308
45,88,0.0068,0.7744,0.04883,2.433393,53.418,0.3179396,0.0521018,0.1124926,0.1705151,12383.09,224.5708,109.4756
45,89,0.0069,0.7747,0.04683,2.589097,54.26553,0.3147714,0.0515826,0.1143025,0.1647128,13200.48,224.0328,115.0977
45,90,0.007,0.775,0.04308,2.82448,53.47575,0.3117783,0.0531178,0.1166282,0.158776,14041.47,222.3441,138.8042
45,91,0.0071,0.7753,0.049,2.873231,53.29824,0.3078665,0.0548953,0.1177136,0.1567629,14735.5,217.4307,142.8407
45,92,0.0072,0.7756,0.049,2.908338,53.73937,0.3036996,0.057979,0.1181668,0.1546107,15504.35,224.1303,147.425
45,93,0.0073,0.7758999,0.039,3.010215,49.36344,0.2973118,0.0602151,0.1215054,0.1526882,16134.31,227.5269,148.3711
46,80,0.002,0.225,0.06358,1.78865,48.12524,0.2289628,0.0567515,0.1389433,0.1702544,8572.002,205.2838,61.58416
46,81,0.0021,0.2259,0.058,1.277132,49.23256,0.2248062,0.0542636,0.1395349,0.1724806,9498.661,211.0465,66.9276
46,82,0.0022,0.2268,0.06817,1.262042,45.38536,0.2235067,0.0500963,0.1387283,0.1695568,10043.58,220.6166,76.55038
46,83,0.0023,0.2277,0.06792,1.330784,40.15488,0.2217973,0.0478011,0.1376673,0.1701721,10741.66,210.325,83.81503
46,84,0.0024,0.2286,0.05233,1.459203,38.44592,0.2182163,0.0474383,0.1328273,0.170778,11735.51,208.3492,72.27534
46,85,0.0025,0.2295,0.04692,1.490566,37.7566,0.2169811,0.0471698,0.1283019,0.1735849,12690.78,210.7547,71.72676
46,86,0.0026,0.2304,0.048,1.511236,38.77903,0.2134831,0.0486891,0.1217228,0.17603,13715.99,212.7341,83.58491
46,87,0.0027,0.2313,0.03742,1.385185,41.95926,0.212963,0.0462963,0.1166667,0.1759259,14619,221.2963,82.20974
46,88,0.0028,0.2322,0.02675,1.438182,41.42909,0.2127273,0.0436364,0.1145454,0.1745455,15602.72,228,93.51852
46,89,0.0029,0.2331,0.03583,1.349462,40.19534,0.2132616,0.0412186,0.1146953,0.172043,16882.68,223.2079,100.5455
46,90,0.003,0.234,0.04858,1.269504,42.04433,0.2163121,0.0390071,0.1134752,0.1684397,17457.83,219.3262,112.1864
46,91,0.0031,0.2349,0.064,1.165493,38.3169,0.2147887,0.0387324,0.1126761,0.1637324,17802.84,205.2817,120.7447
46,92,0.0032,0.2358,0.066,1.09282,32.94746,0.2136602,0.0385289,0.1103327,0.1593695,18812.2,203.5026,129.0493
46,93,0.0033,0.2367,0.054,1.142361,38.5816,0.2118056,0.0381944,0.1076389,0.15625,19431.91,198.6111,151.4886
47,80,0.189,0.7,0.04992,3.058724,42.93753,0.2206845,0.0551711,0.1387694,0.1735553,9895.983,217.5612,169.7626
47,81,0.1889,0.7025,0.06108,3.206466,43.34754,0.2150992,0.0523512,0.1392359,0.1792799,10923.33,221.8589,160.4825
47,82,0.1888,0.705,0.07708,3.089386,39.45258,0.2128163,0.0496996,0.1372656,0.178955,11635.34,229.3828,165.5584
47,83,0.1887,0.7075,0.06075,2.91752,36.59155,0.210602,0.0474394,0.1354897,0.1804133,12455.98,226.1995,176.8615
47,84,0.1886,0.71,0.0505,2.951807,34.83009,0.2072998,0.046421,0.1328845,0.1821403,13641.13,228.5613,177.089
47,85,0.1885,0.7125,0.05583,2.941907,34.78933,0.2052494,0.0463692,0.1294838,0.1833771,14546.37,231.916,188.9617
47,86,0.1884,0.715,0.05008,3.0468,35.38507,0.2028562,0.0467997,0.1264625,0.1847901,15528.75,233.9986,205.0219
47,87,0.1883,0.7175,0.04233,2.935604,36.47235,0.2026298,0.0456844,0.1240728,0.1854349,16462.09,245.2798,215.8465
47,88,0.1882,0.72,0.03908,2.971675,38.51184,0.2032467,0.043399,0.1210866,0.1855226,17560.18,256.75,217.9872
47,89,0.1881,0.7225,0.03917,3.113889,38.84918,0.204902,0.0403595,0.1187908,0.1848039,18768.68,257.4101,230.7106
47,90,0.188,0.725,0.04275,3.495086,40.77058,0.2057355,0.0385049,0.1159981,0.1836636,19558,257.8863,265.8987
47,91,0.1879,0.7275,0.058,3.730757,42.32824,0.2070611,0.0375318,0.1116412,0.1814567,20074.55,264.9491,280.6187
47,92,0.1878,0.73,0.064,3.738974,39.13216,0.2070691,0.0375352,0.1080701,0.1782921,20871.5,219.5027,312.659
47,93,0.1877,0.7325,0.05,3.722077,37.4326,0.20721,0.0374364,0.1050686,0.1745494,21542.36,280.6809,328.2609
48,80,0.026,0.804,0.07858,4.621975,64.21539,0.2236205,0.0520329,0.1340755,0.1803001,10775.35,202.6622,108.0637
48,81,0.0265,0.8053,0.09533,4.447356,62.59089,0.2228518,0.0486308,0.1305477,0.1857885,11715.49,198.56,106.4618
48,82,0.027,0.8066,0.12108,4.033435,58.31868,0.2221183,0.0460603,0.1264905,0.1854103,12188.76,197.7087,125.9679
48,83,0.0275,0.8079,0.11183,3.717674,57.05977,0.2211628,0.0446512,0.1223256,0.1860465,12896.82,198.2558,146.4578
48,84,0.028,0.8092,0.0945,4.069061,57.01818,0.2189227,0.0446593,0.1178637,0.1866943,13703.66,208.9319,154.8372
48,85,0.0285,0.8105,0.08142,4.262955,61.15886,0.2177273,0.0452273,0.1136364,0.1863636,14451.41,216,157.0212
48,86,0.029,0.8118,0.08192,4.380193,64.57108,0.2158096,0.0455872,0.109589,0.1861666,15384.26,219.1332,157.25
48,87,0.0295,0.8131,0.076,4.400927,65.86298,0.2162401,0.0441306,0.1067961,0.184466,15977.99,222.3742,148.282
48,88,0.03,0.8144,0.06175,4.642888,66.16552,0.2172414,0.0413793,0.1047414,0.1823276,16670.61,224.0948,135.2824
48,89,0.0305,0.8157,0.06175,4.732406,61.41424,0.2201854,0.0389802,0.1026127,0.1786768,18086.37,221.6077,125.3448
48,90,0.031,0.817,0.04875,4.984684,56.8593,0.2223811,0.0383909,0.1004697,0.1748009,19281.25,217.2146,145.9756
48,91,0.0315,0.8183,0.063,5.22807,57.83792,0.2244817,0.0386762,0.0970893,0.171252,20163.48,221.3517,163.2632
48,92,0.032,0.8196,0.075,5.33813,56.30585,0.2239938,0.0396656,0.0950807,0.167412,21304.66,222.5355,182.5359
48,93,0.0325,0.8209,0.075,5.145576,54.37735,0.2247383,0.0403425,0.0936251,0.1630828,21773.91,221.5033,193.6418
49,80,0.033,0.368,0.09383,1.818974,23.44564,0.2338461,0.0533333,0.1246154,0.1569231,7985.023,171.1795,64.41812
49,81,0.0328,0.3676,0.10667,1.745138,24.40174,0.2302968,0.0511771,0.1233367,0.1601842,8610.474,173.132,64.46154
49,82,0.0326,0.3672,0.1395,1.746154,23.34051,0.2282051,0.0492308,0.1210256,0.1589744,9117.828,170.3077,80.09212
49,83,0.0324,0.3668,0.18033,1.735219,22.70334,0.2267352,0.0478149,0.1182519,0.1583548,9281.936,177.018,79.33334
49,84,0.0322,0.3664,0.15,1.702801,21.94658,0.2235477,0.0482365,0.1146266,0.1576763,9955.829,176.7116,82.82777
49,85,0.032,0.366,0.13075,1.68537,21.18563,0.2191924,0.0482433,0.1111694,0.1573152,10423.76,175.0393,81.89834
49,86,0.0318,0.3656,0.11842,1.676939,21.94527,0.2146652,0.0494155,0.1073326,0.1562168,11009.83,174.9734,90.45621
49,87,0.0316,0.3652,0.10792,1.402045,20.96502,0.2104413,0.0495156,0.1049516,0.153929,11355.64,178.8213,78.21466
49,88,0.0314,0.3648,0.10033,1.353005,21.69563,0.2071038,0.0486339,0.1027322,0.1513661,12127.5,183.1694,77.98708
49,89,0.0312,0.3644,0.08617,1.507471,22.77477,0.2042059,0.0464859,0.1012728,0.1483121,12922.94,181.627,85.08196
49,90,0.031,0.364,0.08292,1.691365,23.31755,0.2016713,0.0456824,0.1013928,0.1454039,13946.56,178.9415,90.64748
49,91,0.0308,0.3636,0.105,1.912173,24.75153,0.1978877,0.045025,0.1033908,0.1417454,14666.75,205.114,92.86908
49,92,0.0306,0.3632,0.113,2.11885,24.02156,0.196241,0.0458817,0.1050304,0.1376451,15525.73,207.9049,99.44413
49,93,0.0304,0.3628,0.108,2.084066,23.24176,0.1928571,0.0461538,0.1071429,0.1346154,16149.38,200.3297,113.5987
50,80,0.039,0.668,0.07142,1.81598,45.91436,0.2303442,0.0582235,0.1366341,0.159371,9787.642,248.2575,78.51804
50,81,0.0401,0.6686,0.07817,1.884046,45.91557,0.2266187,0.0550148,0.1366906,0.1646212,10569.83,252.5603,84.57289
50,82,0.0412,0.6692,0.10642,1.919433,42.80968,0.2243603,0.0522309,0.1351237,0.1651512,11076.13,257.6443,92.78459
50,83,0.0423,0.6698,0.10442,1.921203,40.90616,0.2221987,0.0495658,0.1328108,0.1671256,11628.55,248.1678,99.68281
50,84,0.0434,0.6704,0.07333,1.977829,40.00929,0.2206503,0.0481419,0.1290118,0.1689189,12666.09,256.7356,102.6266
50,85,0.0445,0.671,0.07208,2.080876,38.31466,0.2196714,0.0473884,0.1246841,0.1705981,13286.63,260.7203,105.0253
50,86,0.0456,0.6716,0.0705,2.594407,38.62321,0.2186711,0.0477292,0.1190076,0.171783,14066.01,266.3793,113.6268
50,87,0.0467,0.6722,0.06108,2.514441,39.43303,0.2193386,0.0460444,0.1144831,0.1720385,14701.19,267.6224,120.2061
50,88,0.0478,0.6728,0.04292,2.159685,37.8567,0.2202405,0.0437578,0.1109498,0.171713,15400.32,267.6276,128.2126
50,89,0.0489,0.6734,0.04375,2.230595,39.5036,0.2225654,0.0411777,0.1076796,0.1698579,16436.34,265.2666,131.1696
50,90,0.05,0.674,0.04383,2.640832,41.20987,0.2237406,0.0405874,0.1044259,0.1672446,17395.16,262.3496,139.4894
50,91,0.0511,0.6746,0.054,2.774004,41.95674,0.2239741,0.041035,0.1016778,0.1639377,17968.06,279.9474,151.703
50,92,0.0522,0.6752,0.051,2.765071,40.54636,0.2241137,0.0420589,0.0991388,0.1598237,19113.46,292.169,157.166
50,93,0.0533,0.6758,0.047,2.644105,37.89659,0.2235014,0.0426757,0.0974593,0.1558158,19821.42,284.2596,160.0641
51,80,0.007,0.153,0.03858,3.917021,45.83617,0.2574468,0.0510638,0.1468085,0.1893617,11467.21,302.5532,111.0132
51,81,0.0071,0.1673,0.04008,4.300813,47.01829,0.2621951,0.0487805,0.1361789,0.1930894,12471.3,304.6748,113.617
51,82,0.0072,0.1816,0.05858,3.017787,44.64229,0.2648221,0.0474308,0.1264822,0.1936759,12538.55,344.8617,113.0081
51,83,0.0073,0.1959,0.08358,2.390196,38.06274,0.2705882,0.0470588,0.1176471,0.1921569,12173.97,355.2941,138.7352
51,84,0.0074,0.2102,0.06292,2.449505,34.81584,0.2712871,0.0455446,0.1108911,0.1881188,12701.65,348.3168,141.3725
51,85,0.0075,0.2245,0.07158,2.614,38.26,0.268,0.048,0.104,0.186,13504.59,360,143.3663
51,86,0.0076,0.2388,0.0915,2.995968,41.54234,0.2681452,0.0504032,0.0967742,0.1814516,13264.02,333.2661,152.4
51,87,0.0077,0.2531,0.08708,2.907757,38.50314,0.2662474,0.0503145,0.0943396,0.1761006,13282.97,340.7757,173.5887
51,88,0.0078,0.2674,0.063,3.180645,37.00215,0.2623656,0.0473118,0.0924731,0.172043,14265.18,343.6559,192.0335
51,89,0.0079,0.2817,0.06275,2.679039,37.65502,0.2576419,0.0458515,0.091703,0.1681223,15282.52,355.6769,203.2258
51,90,0.008,0.296,0.05308,3.011013,39.05727,0.2511013,0.0462555,0.092511,0.1629956,16880.66,365.6388,224.0175
51,91,0.0081,0.3103,0.051,3.115721,40.96507,0.2489083,0.0480349,0.0960699,0.1572052,18292.35,409.607,244.4934
51,92,0.0082,0.3246,0.056,3.202151,42.64731,0.2473118,0.0494624,0.0989247,0.1505376,18860.38,401.9355,239.9563
51,93,0.0083,0.3389,0.054,2.861702,38.76809,0.2446808,0.0489362,0.1021277,0.1468085,19734.2,357.0213,228.6021
